DISPOSITION_attached_pic,DISPOSITION_clean_effects,DISPOSITION_comment,DISPOSITION_default,DISPOSITION_dub,DISPOSITION_forced,DISPOSITION_hearing_impaired,DISPOSITION_karaoke,DISPOSITION_lyrics,DISPOSITION_original,DISPOSITION_timed_thumbnails,DISPOSITION_visual_impaired,TAG_album,TAG_artist,TAG_encoder,TAG_genre,TAG_title,TAG_track,avg_frame_rate,bit_rate,bits_per_raw_sample,bits_per_sample,channel_layout,channels,chroma_location,codec_long_name,codec_name,codec_tag,codec_tag_string,codec_time_base,codec_type,coded_height,coded_width,color_primaries,color_range,color_space,color_transfer,display_aspect_ratio,duration,duration_ts,field_order,filename,format_long_name,format_name,has_b_frames,height,id,index,level,max_bit_rate,nb_frames,nb_programs,nb_read_frames,nb_read_packets,nb_streams,pix_fmt,probe_score,profile,r_frame_rate,refs,sample_aspect_ratio,sample_fmt,sample_rate,side_data_type,size,start_pts,start_time,time_base,timecode,width,TAG_AlbumArtist,TAG_WM/MediaPrimaryClassID,TAG_WM/Provider,TAG_WM/ProviderStyle,TAG_WM/Publisher,TAG_WM/UniqueFileIdentifier,TAG_WMFSDKNeeded,TAG_WMFSDKVersion,TAG_Year,TAG_composer,TAG_date,TAG_mp3gain_minmax,TAG_replaygain_track_gain,TAG_replaygain_track_peak,TAG_ENCODEDBY,TAG_PLAY_COUNTER,TAG_PLAY_DATE,TAG_PLAY_TIME,TAG_album_artist,TAG_mp3gain_undo,TAG_WWW
1,0,0,0,0,0,0,0,0,0,0,0,Jay,周杰伦,LAME3.97 ,Other,可爱女人.mp3,1,0/0,321289,8,0,stereo,2,center,Motion JPEG,mjpeg,0x0000,[0][0][0][0],0/1,video,389,445,unknown,pc,bt470bg,unknown,445:389,239.072653,21516539,unknown,Jay Chou\Jay\0101.可爱女人.mp3,MP2/3 (MPEG audio layer 2/3),mp3,0,389,N/A,1,-99,N/A,N/A,0,N/A,N/A,2,yuvj420p,51,unknown,90000/1,1,1:1,s16p,44100,Replay Gain,9601454,2255,0.025056,1/90000,N/A,445,,,,,,,,,,,,,,,,,,,,,
1,0,0,0,0,0,0,0,0,0,0,0,Jay,周杰伦,LAME3.97 ,Other,完美主义.mp3,2,0/0,321260,8,0,stereo,2,center,Motion JPEG,mjpeg,0x0000,[0][0][0][0],0/1,video,389,445,unknown,pc,bt470bg,unknown,445:389,244.584490,22012604,unknown,Jay Chou\Jay\0102.完美主义.mp3,MP2/3 (MPEG audio layer 2/3),mp3,0,389,N/A,1,-99,N/A,N/A,0,N/A,N/A,2,yuvj420p,51,unknown,90000/1,1,1:1,s16p,44100,Replay Gain,9821927,2255,0.025056,1/90000,N/A,445,,,,,,,,,,,,,,,,,,,,,
1,0,0,0,0,0,0,0,0,0,0,0,Jay,周杰伦,LAME3.97 ,Other,星晴.mp3,3,0/0,321188,8,0,stereo,2,center,Motion JPEG,mjpeg,0x0000,[0][0][0][0],0/1,video,389,445,unknown,pc,bt470bg,unknown,445:389,259.448163,23350335,unknown,Jay Chou\Jay\0103.星晴.mp3,MP2/3 (MPEG audio layer 2/3),mp3,0,389,N/A,1,-99,N/A,N/A,0,N/A,N/A,2,yuvj420p,51,unknown,90000/1,1,1:1,s16p,44100,Replay Gain,10416474,2255,0.025056,1/90000,N/A,445,,,,,,,,,,,,,,,,,,,,,
1,0,0,0,0,0,0,0,0,0,0,0,Jay,周杰伦,LAME3.97 ,Other,娘子.mp3,4,0/0,321137,8,0,stereo,2,center,Motion JPEG,mjpeg,0x0000,[0][0][0][0],0/1,video,389,445,unknown,pc,bt470bg,unknown,445:389,271.046531,24394188,unknown,Jay Chou\Jay\0104.娘子.mp3,MP2/3 (MPEG audio layer 2/3),mp3,0,389,N/A,1,-99,N/A,N/A,0,N/A,N/A,2,yuvj420p,51,unknown,90000/1,1,1:1,s16p,44100,Replay Gain,10880409,2255,0.025056,1/90000,N/A,445,,,,,,,,,,,,,,,,,,,,,
1,0,0,0,0,0,0,0,0,0,0,0,Jay,周杰伦,LAME3.97 ,Other,斗牛.mp3,5,0/0,321105,8,0,stereo,2,center,Motion JPEG,mjpeg,0x0000,[0][0][0][0],0/1,video,389,445,unknown,pc,bt470bg,unknown,445:389,278.961633,25106547,unknown,Jay Chou\Jay\0105.斗牛.mp3,MP2/3 (MPEG audio layer 2/3),mp3,0,389,N/A,1,-99,N/A,N/A,0,N/A,N/A,2,yuvj420p,51,unknown,90000/1,1,1:1,s16p,44100,Replay Gain,11197013,2255,0.025056,1/90000,N/A,445,,,,,,,,,,,,,,,,,,,,,
1,0,0,0,0,0,0,0,0,0,0,0,Jay,周杰伦,LAME3.97 ,Other,黑色幽默.mp3,6,0/0,321088,8,0,stereo,2,center,Motion JPEG,mjpeg,0x0000,[0][0][0][0],0/1,video,389,445,unknown,pc,bt470bg,unknown,445:389,283.193469,25487412,unknown,Jay Chou\Jay\0106.黑色幽默.mp3,MP2/3 (MPEG audio layer 2/3),mp3,0,389,N/A,1,-99,N/A,N/A,0,N/A,N/A,2,yuvj420p,51,unknown,90000/1,1,1:1,s16p,44100,Replay Gain,11366286,2255,0.025056,1/90000,N/A,445,,,,,,,,,,,,,,,,,,,,,
1,0,0,0,0,0,0,0,0,0,0,0,Jay,周杰伦,LAME3.97 ,Other,伊斯坦堡.mp3,7,0/0,321473,8,0,stereo,2,center,Motion JPEG,mjpeg,0x0000,[0][0][0][0],0/1,video,389,445,unknown,pc,bt470bg,unknown,445:389,209.214694,18829322,unknown,Jay Chou\Jay\0107.伊斯坦堡.mp3,MP2/3 (MPEG audio layer 2/3),mp3,0,389,N/A,1,-99,N/A,N/A,0,N/A,N/A,2,yuvj420p,51,unknown,90000/1,1,1:1,s16p,44100,Replay Gain,8407135,2255,0.025056,1/90000,N/A,445,,,,,,,,,,,,,,,,,,,,,
1,0,0,0,0,0,0,0,0,0,0,0,Jay,周杰伦,LAME3.97 ,,印地安老斑鸠.mp3,8,0/0,320908,8,0,stereo,2,center,Motion JPEG,mjpeg,0x0000,[0][0][0][0],0/1,video,389,445,unknown,pc,bt470bg,unknown,445:389,304.587755,27412898,unknown,Jay Chou\Jay\0108.印地安老斑鸠.mp3,MP2/3 (MPEG audio layer 2/3),mp3,0,389,N/A,1,-99,N/A,N/A,0,N/A,N/A,2,yuvj420p,51,unknown,90000/1,1,1:1,s16p,44100,Replay Gain,12218085,2255,0.025056,1/90000,N/A,445,,,,,,,,,,,,,,,,,,,,,
1,0,0,0,0,0,0,0,0,0,0,0,Jay,周杰伦,LAME3.97 ,,龙卷风.mp3,9,0/0,321102,8,0,stereo,2,center,Motion JPEG,mjpeg,0x0000,[0][0][0][0],0/1,video,389,445,unknown,pc,bt470bg,unknown,445:389,250.906122,22581551,unknown,Jay Chou\Jay\0109.龙卷风.mp3,MP2/3 (MPEG audio layer 2/3),mp3,0,389,N/A,1,-99,N/A,N/A,0,N/A,N/A,2,yuvj420p,51,unknown,90000/1,1,1:1,s16p,44100,Replay Gain,10070813,2255,0.025056,1/90000,N/A,445,,,,,,,,,,,,,,,,,,,,,
1,0,0,0,0,0,0,0,0,0,0,0,Jay,周杰伦,LAME3.97 ,,反方向的钟.mp3,10,0/0,321073,8,0,stereo,2,center,Motion JPEG,mjpeg,0x0000,[0][0][0][0],0/1,video,389,445,unknown,pc,bt470bg,unknown,445:389,257.645714,23188114,unknown,Jay Chou\Jay\0110.反方向的钟.mp3,MP2/3 (MPEG audio layer 2/3),mp3,0,389,N/A,1,-99,N/A,N/A,0,N/A,N/A,2,yuvj420p,51,unknown,90000/1,1,1:1,s16p,44100,Replay Gain,10340403,2255,0.025056,1/90000,N/A,445,,,,,,,,,,,,,,,,,,,,,
1,0,0,0,0,0,0,0,0,0,0,0,七里香,周杰伦,,R&B,我的地盘.mp3,1,0/0,320788,8,0,stereo,2,center,Motion JPEG,mjpeg,0x0000,[0][0][0][0],0/1,video,143,143,unknown,pc,bt470bg,unknown,1:1,242.367278,21813055,unknown,Jay Chou\七里香\0701.我的地盘.mp3,MP2/3 (MPEG audio layer 2/3),mp3,0,143,N/A,1,-99,N/A,N/A,0,N/A,N/A,2,yuvj420p,51,unknown,90000/1,1,1:1,s16p,44100,Replay Gain,9718569,N/A,0.000000,1/90000,N/A,143,ÖÜ½ÜÂ×,{D1607DBC-E323-4BE2-86A1-48A42A28441E},ZACR DBS,Pop,Sony(Taiwan),;,0.0.0.0000,10.00.00.3646,2004,ÖÜ½ÜÂ×,2004,"076,210",-8.310000 dB,1.071216,,,,,,,
1,0,0,0,0,0,0,0,0,0,0,0,七里香,周杰伦,,R&B,七里香.mp3,2,0/0,320643,8,0,stereo,2,center,Motion JPEG,mjpeg,0x0000,[0][0][0][0],0/1,video,143,143,unknown,pc,bt470bg,unknown,1:1,296.884825,26719634,unknown,Jay Chou\七里香\0702.七里香.mp3,MP2/3 (MPEG audio layer 2/3),mp3,0,143,N/A,1,-99,N/A,N/A,0,N/A,N/A,2,yuvj420p,51,unknown,90000/1,1,1:1,s16p,44100,Replay Gain,11899269,N/A,0.000000,1/90000,N/A,143,ÖÜ½ÜÂ×,{D1607DBC-E323-4BE2-86A1-48A42A28441E},ZACR DBS,Pop,Sony(Taiwan),;,0.0.0.0000,10.00.00.3646,2004,ÖÜ½ÜÂ×,2004,"106,179",-8.470000 dB,1.030959,,,,,,,
1,0,0,0,0,0,0,0,0,0,0,0,七里香,周杰伦,,R&B,借口.mp3,3,0/0,320739,8,0,stereo,2,center,Motion JPEG,mjpeg,0x0000,[0][0][0][0],0/1,video,143,143,unknown,pc,bt470bg,unknown,1:1,258.119100,23230719,unknown,Jay Chou\七里香\0703.借口.mp3,MP2/3 (MPEG audio layer 2/3),mp3,0,143,N/A,1,-99,N/A,N/A,0,N/A,N/A,2,yuvj420p,51,unknown,90000/1,1,1:1,s16p,44100,Replay Gain,10348638,N/A,0.000000,1/90000,N/A,143,ÖÜ½ÜÂ×,{D1607DBC-E323-4BE2-86A1-48A42A28441E},ZACR DBS,Pop,Sony(Taiwan),;,0.0.0.0000,10.00.00.3646,2004,ÖÜ½ÜÂ×,2004,"086,210",-8.310000 dB,1.026755,,,,,,,
1,0,0,0,0,0,0,0,0,0,0,0,七里香,周杰伦,,R&B,外婆.mp3,4,0/0,320785,8,0,stereo,2,center,Motion JPEG,mjpeg,0x0000,[0][0][0][0],0/1,video,143,143,unknown,pc,bt470bg,unknown,1:1,242.001556,21780140,unknown,Jay Chou\七里香\0704.外婆.mp3,MP2/3 (MPEG audio layer 2/3),mp3,0,143,N/A,1,-99,N/A,N/A,0,N/A,N/A,2,yuvj420p,51,unknown,90000/1,1,1:1,s16p,44100,,9703817,N/A,0.000000,1/90000,N/A,143,ÖÜ½ÜÂ×,{D1607DBC-E323-4BE2-86A1-48A42A28441E},ZACR DBS,Pop,Sony(Taiwan),;,0.0.0.0000,10.00.00.3646,2004,ÖÜ½ÜÂ×,2004,,,,,,,,,,
1,0,0,0,0,0,0,0,0,0,0,0,七里香,周杰伦,,R&B,将军.mp3,5,0/0,320941,8,0,stereo,2,center,Motion JPEG,mjpeg,0x0000,[0][0][0][0],0/1,video,143,143,unknown,pc,bt470bg,unknown,1:1,201.825225,18164270,unknown,Jay Chou\七里香\0705.将军.mp3,MP2/3 (MPEG audio layer 2/3),mp3,0,143,N/A,1,-99,N/A,N/A,0,N/A,N/A,2,yuvj420p,51,unknown,90000/1,1,1:1,s16p,44100,,8096764,N/A,0.000000,1/90000,N/A,143,ÖÜ½ÜÂ×,{D1607DBC-E323-4BE2-86A1-48A42A28441E},ZACR DBS,Pop,Sony(Taiwan),;,0.0.0.0000,10.00.00.3646,2004,ÖÜ½ÜÂ×,2004,,,,,,,,,,
1,0,0,0,0,0,0,0,0,0,0,0,七里香,周杰伦,,R&B,搁浅.mp3,6,0/0,320798,8,0,stereo,2,center,Motion JPEG,mjpeg,0x0000,[0][0][0][0],0/1,video,143,143,unknown,pc,bt470bg,unknown,1:1,238.109300,21429837,unknown,Jay Chou\七里香\0706.搁浅.mp3,MP2/3 (MPEG audio layer 2/3),mp3,0,143,N/A,1,-99,N/A,N/A,0,N/A,N/A,2,yuvj420p,51,unknown,90000/1,1,1:1,s16p,44100,,9548127,N/A,0.000000,1/90000,N/A,143,ÖÜ½ÜÂ×,{D1607DBC-E323-4BE2-86A1-48A42A28441E},ZACR DBS,Pop,Sony(Taiwan),;,0.0.0.0000,10.00.00.3646,2004,ÖÜ½ÜÂ×,2004,,,,,,,,,,
1,0,0,0,0,0,0,0,0,0,0,0,七里香,周杰伦,,R&B,乱舞春秋.mp3,7,0/0,320684,8,0,stereo,2,center,Motion JPEG,mjpeg,0x0000,[0][0][0][0],0/1,video,143,143,unknown,pc,bt470bg,unknown,1:1,277.632578,24986932,unknown,Jay Chou\七里香\0707.乱舞春秋.mp3,MP2/3 (MPEG audio layer 2/3),mp3,0,143,N/A,1,-99,N/A,N/A,0,N/A,N/A,2,yuvj420p,51,unknown,90000/1,1,1:1,s16p,44100,,11129062,N/A,0.000000,1/90000,N/A,143,ÖÜ½ÜÂ×,{D1607DBC-E323-4BE2-86A1-48A42A28441E},ZACR DBS,Pop,Sony(Taiwan),;,0.0.0.0000,10.00.00.3646,2004,ÖÜ½ÜÂ×,2004,,,,,,,,,,
1,0,0,0,0,0,0,0,0,0,0,0,七里香,周杰伦,,R&B,困兽之斗.mp3,8,0/0,320713,8,0,stereo,2,center,Motion JPEG,mjpeg,0x0000,[0][0][0][0],0/1,video,143,143,unknown,pc,bt470bg,unknown,1:1,266.530525,23987747,unknown,Jay Chou\七里香\0708.困兽之斗.mp3,MP2/3 (MPEG audio layer 2/3),mp3,0,143,N/A,1,-99,N/A,N/A,0,N/A,N/A,2,yuvj420p,51,unknown,90000/1,1,1:1,s16p,44100,,10684980,N/A,0.000000,1/90000,N/A,143,ÖÜ½ÜÂ×,{D1607DBC-E323-4BE2-86A1-48A42A28441E},ZACR DBS,Pop,Sony(Taiwan),;,0.0.0.0000,10.00.00.3646,2004,ÖÜ½ÜÂ×,2004,,,,,,,,,,
1,0,0,0,0,0,0,0,0,0,0,0,七里香,周杰伦,,R&B,园游会.mp3,9,0/0,320750,8,0,stereo,2,center,Motion JPEG,mjpeg,0x0000,[0][0][0][0],0/1,video,143,143,unknown,pc,bt470bg,unknown,1:1,253.390956,22805186,unknown,Jay Chou\七里香\0709.园游会.mp3,MP2/3 (MPEG audio layer 2/3),mp3,0,143,N/A,1,-99,N/A,N/A,0,N/A,N/A,2,yuvj420p,51,unknown,90000/1,1,1:1,s16p,44100,,10159395,N/A,0.000000,1/90000,N/A,143,ÖÜ½ÜÂ×,{D1607DBC-E323-4BE2-86A1-48A42A28441E},ZACR DBS,Pop,Sony(Taiwan),;,0.0.0.0000,10.00.00.3646,2004,ÖÜ½ÜÂ×,2004,,,,,,,,,,
1,0,0,0,0,0,0,0,0,0,0,0,七里香,周杰伦,,R&B,止战之殇.mp3,10,0/0,320691,8,0,stereo,2,center,Motion JPEG,mjpeg,0x0000,[0][0][0][0],0/1,video,143,143,unknown,pc,bt470bg,unknown,1:1,274.706878,24723619,unknown,Jay Chou\七里香\0710.止战之殇.mp3,MP2/3 (MPEG audio layer 2/3),mp3,0,143,N/A,1,-99,N/A,N/A,0,N/A,N/A,2,yuvj420p,51,unknown,90000/1,1,1:1,s16p,44100,,11012036,N/A,0.000000,1/90000,N/A,143,ÖÜ½ÜÂ×,{D1607DBC-E323-4BE2-86A1-48A42A28441E},ZACR DBS,Pop,Sony(Taiwan),;,0.0.0.0000,10.00.00.3646,2004,ÖÜ½ÜÂ×,2004,,,,,,,,,,
1,0,0,0,0,0,0,0,0,0,0,0,不能说的秘密,周杰伦,,,Opening.mp3,,0/0,322265,8,0,stereo,2,center,Motion JPEG,mjpeg,0x0000,[0][0][0][0],0/1,video,255,240,unknown,pc,bt470bg,unknown,16:17,146.053800,13144842,unknown,Jay Chou\不能说的秘密\1201.Opening.mp3,MP2/3 (MPEG audio layer 2/3),mp3,0,255,N/A,1,-99,N/A,N/A,0,N/A,N/A,2,yuvj444p,51,unknown,90000/1,1,1:1,s16p,44100,,5883508,N/A,0.000000,1/90000,N/A,240,,,,,,,,,,,,,,,,,,,,,
1,0,0,0,0,0,0,0,0,0,0,0,不能说的秘密,周杰伦,,,脚踏车.mp3,,0/0,322408,8,0,stereo,2,center,Motion JPEG,mjpeg,0x0000,[0][0][0][0],0/1,video,255,240,unknown,pc,bt470bg,unknown,16:17,137.381156,12364304,unknown,Jay Chou\不能说的秘密\1202.脚踏车.mp3,MP2/3 (MPEG audio layer 2/3),mp3,0,255,N/A,1,-99,N/A,N/A,0,N/A,N/A,2,yuvj444p,51,unknown,90000/1,1,1:1,s16p,44100,,5536601,N/A,0.000000,1/90000,N/A,240,,,,,,,,,,,,,,,,,,,,,
1,0,0,0,0,0,0,0,0,0,0,0,不能说的秘密,周杰伦,,,早操.mp3,,0/0,323772,8,0,stereo,2,center,Motion JPEG,mjpeg,0x0000,[0][0][0][0],0/1,video,255,240,unknown,pc,bt470bg,unknown,16:17,87.696256,7892663,unknown,Jay Chou\不能说的秘密\1203.早操.mp3,MP2/3 (MPEG audio layer 2/3),mp3,0,255,N/A,1,-99,N/A,N/A,0,N/A,N/A,2,yuvj444p,51,unknown,90000/1,1,1:1,s16p,44100,,3549203,N/A,0.000000,1/90000,N/A,240,,,,,,,,,,,,,,,,,,,,,
1,0,0,0,0,0,0,0,0,0,0,0,不能说的秘密,周杰伦,,,淡水海边.mp3,,0/0,325192,8,0,stereo,2,center,Motion JPEG,mjpeg,0x0000,[0][0][0][0],0/1,video,255,240,unknown,pc,bt470bg,unknown,16:17,63.715856,5734427,unknown,Jay Chou\不能说的秘密\1204.淡水海边.mp3,MP2/3 (MPEG audio layer 2/3),mp3,0,255,N/A,1,-99,N/A,N/A,0,N/A,N/A,2,yuvj444p,51,unknown,90000/1,1,1:1,s16p,44100,,2589991,N/A,0.000000,1/90000,N/A,240,,,,,,,,,,,,,,,,,,,,,
1,0,0,0,0,0,0,0,0,0,0,0,不能说的秘密,周杰伦,,,斗琴.mp3,,0/0,322546,8,0,stereo,2,center,Motion JPEG,mjpeg,0x0000,[0][0][0][0],0/1,video,255,240,unknown,pc,bt470bg,unknown,16:17,129.910125,11691911,unknown,Jay Chou\不能说的秘密\1205.斗琴.mp3,MP2/3 (MPEG audio layer 2/3),mp3,0,255,N/A,1,-99,N/A,N/A,0,N/A,N/A,2,yuvj444p,51,unknown,90000/1,1,1:1,s16p,44100,,5237758,N/A,0.000000,1/90000,N/A,240,,,,,,,,,,,,,,,,,,,,,
1,0,0,0,0,0,0,0,0,0,0,0,不能说的秘密,周杰伦,,,湘伦小雨四手联弹.mp3,,0/0,328570,8,0,stereo,2,center,Motion JPEG,mjpeg,0x0000,[0][0][0][0],0/1,video,255,240,unknown,pc,bt470bg,unknown,16:17,38.612178,3475096,unknown,Jay Chou\不能说的秘密\1206.湘伦小雨四手联弹.mp3,MP2/3 (MPEG audio layer 2/3),mp3,0,255,N/A,1,-99,N/A,N/A,0,N/A,N/A,2,yuvj444p,51,unknown,90000/1,1,1:1,s16p,44100,,1585852,N/A,0.000000,1/90000,N/A,240,,,,,,,,,,,,,,,,,,,,,
1,0,0,0,0,0,0,0,0,0,0,0,不能说的秘密,周杰伦,,,Ride With Me.mp3,,0/0,327103,8,0,stereo,2,center,Motion JPEG,mjpeg,0x0000,[0][0][0][0],0/1,video,255,240,unknown,pc,bt470bg,unknown,16:17,46.579525,4192157,unknown,Jay Chou\不能说的秘密\1207.Ride With Me.mp3,MP2/3 (MPEG audio layer 2/3),mp3,0,255,N/A,1,-99,N/A,N/A,0,N/A,N/A,2,yuvj444p,51,unknown,90000/1,1,1:1,s16p,44100,,1904542,N/A,0.000000,1/90000,N/A,240,,,,,,,,,,,,,,,,,,,,,
1,0,0,0,0,0,0,0,0,0,0,0,不能说的秘密,周杰伦,,,父与子.mp3,,0/0,324659,8,0,stereo,2,center,Motion JPEG,mjpeg,0x0000,[0][0][0][0],0/1,video,255,240,unknown,pc,bt470bg,unknown,16:17,71.004000,6390360,unknown,Jay Chou\不能说的秘密\1208.父与子.mp3,MP2/3 (MPEG audio layer 2/3),mp3,0,255,N/A,1,-99,N/A,N/A,0,N/A,N/A,2,yuvj444p,51,unknown,90000/1,1,1:1,s16p,44100,,2881515,N/A,0.000000,1/90000,N/A,240,,,,,,,,,,,,,,,,,,,,,
1,0,0,0,0,0,0,0,0,0,0,0,不能说的秘密,周杰伦,,,情人的眼泪.mp3,,0/0,320940,8,0,stereo,2,center,Motion JPEG,mjpeg,0x0000,[0][0][0][0],0/1,video,255,240,unknown,pc,bt470bg,unknown,16:17,351.768100,31659129,unknown,Jay Chou\不能说的秘密\1209.情人的眼泪.mp3,MP2/3 (MPEG audio layer 2/3),mp3,0,255,N/A,1,-99,N/A,N/A,0,N/A,N/A,2,yuvj444p,51,unknown,90000/1,1,1:1,s16p,44100,,14112083,N/A,0.000000,1/90000,N/A,240,,,,,,,,,,,,,,,,,,,,,
1,0,0,0,0,0,0,0,0,0,0,0,不能说的秘密,周杰伦,,,First Kiss.mp3,,0/0,324624,8,0,stereo,2,center,Motion JPEG,mjpeg,0x0000,[0][0][0][0],0/1,video,255,240,unknown,pc,bt470bg,unknown,16:17,71.552578,6439732,unknown,Jay Chou\不能说的秘密\1210.First Kiss.mp3,MP2/3 (MPEG audio layer 2/3),mp3,0,255,N/A,1,-99,N/A,N/A,0,N/A,N/A,2,yuvj444p,51,unknown,90000/1,1,1:1,s16p,44100,,2903462,N/A,0.000000,1/90000,N/A,240,,,,,,,,,,,,,,,,,,,,,
1,0,0,0,0,0,0,0,0,0,0,0,不能说的秘密,周杰伦,,,女孩别为我哭泣.mp3,,0/0,327714,8,0,stereo,2,center,Motion JPEG,mjpeg,0x0000,[0][0][0][0],0/1,video,255,240,unknown,pc,bt470bg,unknown,16:17,42.896256,3860663,unknown,Jay Chou\不能说的秘密\1211.女孩别为我哭泣.mp3,MP2/3 (MPEG audio layer 2/3),mp3,0,255,N/A,1,-99,N/A,N/A,0,N/A,N/A,2,yuvj444p,51,unknown,90000/1,1,1:1,s16p,44100,,1757213,N/A,0.000000,1/90000,N/A,240,,,,,,,,,,,,,,,,,,,,,
1,0,0,0,0,0,0,0,0,0,0,0,不能说的秘密,周杰伦,,,晴天娃娃.mp3,,0/0,322277,8,0,stereo,2,center,Motion JPEG,mjpeg,0x0000,[0][0][0][0],0/1,video,255,240,unknown,pc,bt470bg,unknown,16:17,145.244000,13071960,unknown,Jay Chou\不能说的秘密\1212.晴天娃娃.mp3,MP2/3 (MPEG audio layer 2/3),mp3,0,255,N/A,1,-99,N/A,N/A,0,N/A,N/A,2,yuvj444p,51,unknown,90000/1,1,1:1,s16p,44100,,5851117,N/A,0.000000,1/90000,N/A,240,,,,,,,,,,,,,,,,,,,,,
1,0,0,0,0,0,0,0,0,0,0,0,不能说的秘密,周杰伦,,,阿郎与阿宝.mp3,,0/0,322396,8,0,stereo,2,center,Motion JPEG,mjpeg,0x0000,[0][0][0][0],0/1,video,255,240,unknown,pc,bt470bg,unknown,16:17,138.060325,12425429,unknown,Jay Chou\不能说的秘密\1213.阿郎与阿宝.mp3,MP2/3 (MPEG audio layer 2/3),mp3,0,255,N/A,1,-99,N/A,N/A,0,N/A,N/A,2,yuvj444p,51,unknown,90000/1,1,1:1,s16p,44100,,5563772,N/A,0.000000,1/90000,N/A,240,,,,,,,,,,,,,,,,,,,,,
1,0,0,0,0,0,0,0,0,0,0,0,不能说的秘密,周杰伦,,,与父共舞.mp3,,0/0,327384,8,0,stereo,2,center,Motion JPEG,mjpeg,0x0000,[0][0][0][0],0/1,video,255,240,unknown,pc,bt470bg,unknown,16:17,44.803200,4032288,unknown,Jay Chou\不能说的秘密\1214.与父共舞.mp3,MP2/3 (MPEG audio layer 2/3),mp3,0,255,N/A,1,-99,N/A,N/A,0,N/A,N/A,2,yuvj444p,51,unknown,90000/1,1,1:1,s16p,44100,,1833485,N/A,0.000000,1/90000,N/A,240,,,,,,,,,,,,,,,,,,,,,
1,0,0,0,0,0,0,0,0,0,0,0,不能说的秘密,周杰伦,,,路小雨.mp3,,0/0,323416,8,0,stereo,2,center,Motion JPEG,mjpeg,0x0000,[0][0][0][0],0/1,video,255,240,unknown,pc,bt470bg,unknown,16:17,96.839100,8715519,unknown,Jay Chou\不能说的秘密\1215.路小雨.mp3,MP2/3 (MPEG audio layer 2/3),mp3,0,255,N/A,1,-99,N/A,N/A,0,N/A,N/A,2,yuvj444p,51,unknown,90000/1,1,1:1,s16p,44100,,3914919,N/A,0.000000,1/90000,N/A,240,,,,,,,,,,,,,,,,,,,,,
1,0,0,0,0,0,0,0,0,0,0,0,不能说的秘密,周杰伦,,,The Swan.mp3,,0/0,322819,8,0,stereo,2,center,Motion JPEG,mjpeg,0x0000,[0][0][0][0],0/1,video,255,240,unknown,pc,bt470bg,unknown,16:17,117.345225,10561070,unknown,Jay Chou\不能说的秘密\1216.The Swan.mp3,MP2/3 (MPEG audio layer 2/3),mp3,0,255,N/A,1,-99,N/A,N/A,0,N/A,N/A,2,yuvj444p,51,unknown,90000/1,1,1:1,s16p,44100,,4735166,N/A,0.000000,1/90000,N/A,240,,,,,,,,,,,,,,,,,,,,,
1,0,0,0,0,0,0,0,0,0,0,0,不能说的秘密,周杰伦,,,Flash Back.mp3,,0/0,321737,8,0,stereo,2,center,Motion JPEG,mjpeg,0x0000,[0][0][0][0],0/1,video,255,240,unknown,pc,bt470bg,unknown,16:17,190.383600,17134524,unknown,Jay Chou\不能说的秘密\1217.Flash Back.mp3,MP2/3 (MPEG audio layer 2/3),mp3,0,255,N/A,1,-99,N/A,N/A,0,N/A,N/A,2,yuvj444p,51,unknown,90000/1,1,1:1,s16p,44100,,7656703,N/A,0.000000,1/90000,N/A,240,,,,,,,,,,,,,,,,,,,,,
1,0,0,0,0,0,0,0,0,0,0,0,不能说的秘密,周杰伦,,,Secret (慢板).mp3,,0/0,326130,8,0,stereo,2,center,Motion JPEG,mjpeg,0x0000,[0][0][0][0],0/1,video,255,240,unknown,pc,bt470bg,unknown,16:17,53.972178,4857496,unknown,Jay Chou\不能说的秘密\1218.Secret (慢板).mp3,MP2/3 (MPEG audio layer 2/3),mp3,0,255,N/A,1,-99,N/A,N/A,0,N/A,N/A,2,yuvj444p,51,unknown,90000/1,1,1:1,s16p,44100,,2200249,N/A,0.000000,1/90000,N/A,240,,,,,,,,,,,,,,,,,,,,,
1,0,0,0,0,0,0,0,0,0,0,0,不能说的秘密,周杰伦,,,Angel.mp3,,0/0,322957,8,0,stereo,2,center,Motion JPEG,mjpeg,0x0000,[0][0][0][0],0/1,video,255,240,unknown,pc,bt470bg,unknown,16:17,111.859525,10067357,unknown,Jay Chou\不能说的秘密\1219.Angel.mp3,MP2/3 (MPEG audio layer 2/3),mp3,0,255,N/A,1,-99,N/A,N/A,0,N/A,N/A,2,yuvj444p,51,unknown,90000/1,1,1:1,s16p,44100,,4515735,N/A,0.000000,1/90000,N/A,240,,,,,,,,,,,,,,,,,,,,,
1,0,0,0,0,0,0,0,0,0,0,0,不能说的秘密,周杰伦,,,小雨写立可白Ⅰ.mp3,,0/0,324514,8,0,stereo,2,center,Motion JPEG,mjpeg,0x0000,[0][0][0][0],0/1,video,255,240,unknown,pc,bt470bg,unknown,16:17,73.302778,6597250,unknown,Jay Chou\不能说的秘密\1220.小雨写立可白Ⅰ.mp3,MP2/3 (MPEG audio layer 2/3),mp3,0,255,N/A,1,-99,N/A,N/A,0,N/A,N/A,2,yuvj444p,51,unknown,90000/1,1,1:1,s16p,44100,,2973474,N/A,0.000000,1/90000,N/A,240,,,,,,,,,,,,,,,,,,,,,
1,0,0,0,0,0,0,0,0,0,0,0,不能说的秘密,周杰伦,,,小雨写立可白Ⅱ.mp3,,0/0,323357,8,0,stereo,2,center,Motion JPEG,mjpeg,0x0000,[0][0][0][0],0/1,video,255,240,unknown,pc,bt470bg,unknown,16:17,98.563200,8870688,unknown,Jay Chou\不能说的秘密\1221.小雨写立可白Ⅱ.mp3,MP2/3 (MPEG audio layer 2/3),mp3,0,255,N/A,1,-99,N/A,N/A,0,N/A,N/A,2,yuvj444p,51,unknown,90000/1,1,1:1,s16p,44100,,3983891,N/A,0.000000,1/90000,N/A,240,,,,,,,,,,,,,,,,,,,,,
1,0,0,0,0,0,0,0,0,0,0,0,不能说的秘密,周杰伦,,,Secret (加长快板).mp3,,0/0,323959,8,0,stereo,2,center,Motion JPEG,mjpeg,0x0000,[0][0][0][0],0/1,video,255,240,unknown,pc,bt470bg,unknown,16:17,83.568900,7521201,unknown,Jay Chou\不能说的秘密\1222.Secret (加长快板).mp3,MP2/3 (MPEG audio layer 2/3),mp3,0,255,N/A,1,-99,N/A,N/A,0,N/A,N/A,2,yuvj444p,51,unknown,90000/1,1,1:1,s16p,44100,,3384122,N/A,0.000000,1/90000,N/A,240,,,,,,,,,,,,,,,,,,,,,
1,0,0,0,0,0,0,0,0,0,0,0,不能说的秘密,周杰伦,,,琴房.mp3,,0/0,323326,8,0,stereo,2,center,Motion JPEG,mjpeg,0x0000,[0][0][0][0],0/1,video,255,240,unknown,pc,bt470bg,unknown,16:17,99.451356,8950622,unknown,Jay Chou\不能说的秘密\1223.琴房.mp3,MP2/3 (MPEG audio layer 2/3),mp3,0,255,N/A,1,-99,N/A,N/A,0,N/A,N/A,2,yuvj444p,51,unknown,90000/1,1,1:1,s16p,44100,,4019407,N/A,0.000000,1/90000,N/A,240,,,,,,,,,,,,,,,,,,,,,
1,0,0,0,0,0,0,0,0,0,0,0,不能说的秘密,周杰伦,,,Ending.mp3,,0/0,324213,8,0,stereo,2,center,Motion JPEG,mjpeg,0x0000,[0][0][0][0],0/1,video,255,240,unknown,pc,bt470bg,unknown,16:17,78.527278,7067455,unknown,Jay Chou\不能说的秘密\1224.Ending.mp3,MP2/3 (MPEG audio layer 2/3),mp3,0,255,N/A,1,-99,N/A,N/A,0,N/A,N/A,2,yuvj444p,51,unknown,90000/1,1,1:1,s16p,44100,,3182446,N/A,0.000000,1/90000,N/A,240,,,,,,,,,,,,,,,,,,,,,
1,0,0,0,0,0,0,0,0,0,0,0,不能说的秘密,周杰伦,,,不能说的秘密.mp3,,0/0,321115,8,0,stereo,2,center,Motion JPEG,mjpeg,0x0000,[0][0][0][0],0/1,video,255,240,unknown,pc,bt470bg,unknown,16:17,296.571356,26691422,unknown,Jay Chou\不能说的秘密\1225.不能说的秘密.mp3,MP2/3 (MPEG audio layer 2/3),mp3,0,255,N/A,1,-99,N/A,N/A,0,N/A,N/A,2,yuvj444p,51,unknown,90000/1,1,1:1,s16p,44100,,11904215,N/A,0.000000,1/90000,N/A,240,,,,,,,,,,,,,,,,,,,,,
1,0,0,0,0,0,0,0,0,0,0,0,依然范特西,周杰伦,,R&B,夜的第七章.mp3,1,0/0,321932,8,0,stereo,2,center,Motion JPEG,mjpeg,0x0000,[0][0][0][0],0/1,video,340,340,unknown,pc,bt470bg,unknown,1:1,228.699200,20582928,unknown,Jay Chou\依然范特西\1001.夜的第七章.mp3,MP2/3 (MPEG audio layer 2/3),mp3,0,340,N/A,1,-99,N/A,N/A,0,N/A,N/A,2,yuvj420p,51,unknown,90000/1,1,1:1,s16p,48000,,9203202,N/A,0.000000,1/90000,N/A,340,,,,,,,,,2006,,2006,,,,iTunes v6.0.5.20,1,050906,113438,,,
1,0,0,0,0,0,0,0,0,0,0,0,依然范特西,周杰伦,,R&B,听妈妈的话.mp3,2,0/0,321661,8,0,stereo,2,center,Motion JPEG,mjpeg,0x0000,[0][0][0][0],0/1,video,340,340,unknown,pc,bt470bg,unknown,1:1,265.635200,23907168,unknown,Jay Chou\依然范特西\1002.听妈妈的话.mp3,MP2/3 (MPEG audio layer 2/3),mp3,0,340,N/A,1,-99,N/A,N/A,0,N/A,N/A,2,yuvj420p,51,unknown,90000/1,1,1:1,s16p,48000,,10680563,N/A,0.000000,1/90000,N/A,340,,,,,,,,,2006,,2006,,,,iTunes v6.0.5.20,,,,,,
1,0,0,0,0,0,0,0,0,0,0,0,依然范特西,周杰伦,,R&B,千里之外.mp3,3,0/0,321720,8,0,stereo,2,center,Motion JPEG,mjpeg,0x0000,[0][0][0][0],0/1,video,340,340,unknown,pc,bt470bg,unknown,1:1,256.443200,23079888,unknown,Jay Chou\依然范特西\1003.千里之外.mp3,MP2/3 (MPEG audio layer 2/3),mp3,0,340,N/A,1,-99,N/A,N/A,0,N/A,N/A,2,yuvj420p,51,unknown,90000/1,1,1:1,s16p,48000,,10312881,N/A,0.000000,1/90000,N/A,340,,,,,,,,,2006,,2006,,,,iTunes v6.0.5.20,,,,,,
1,0,0,0,0,0,0,0,0,0,0,0,依然范特西,周杰伦,,R&B,本草纲目.mp3,4,0/0,322101,8,0,stereo,2,center,Motion JPEG,mjpeg,0x0000,[0][0][0][0],0/1,video,340,340,unknown,pc,bt470bg,unknown,1:1,210.003200,18900288,unknown,Jay Chou\依然范特西\1004.本草纲目.mp3,MP2/3 (MPEG audio layer 2/3),mp3,0,340,N/A,1,-99,N/A,N/A,0,N/A,N/A,2,yuvj420p,51,unknown,90000/1,1,1:1,s16p,48000,,8455281,N/A,0.000000,1/90000,N/A,340,,,,,,,,,2006,,2006,,,,iTunes v6.0.5.20,,,,,,
1,0,0,0,0,0,0,0,0,0,0,0,依然范特西,周杰伦,,R&B,退后.mp3,5,0/0,321686,8,0,stereo,2,center,Motion JPEG,mjpeg,0x0000,[0][0][0][0],0/1,video,340,340,unknown,pc,bt470bg,unknown,1:1,261.531200,23537808,unknown,Jay Chou\依然范特西\1005.退后.mp3,MP2/3 (MPEG audio layer 2/3),mp3,0,340,N/A,1,-99,N/A,N/A,0,N/A,N/A,2,yuvj420p,51,unknown,90000/1,1,1:1,s16p,48000,,10516397,N/A,0.000000,1/90000,N/A,340,,,,,,,,,2006,,2006,,,,iTunes v6.0.5.20,,,,,,
1,0,0,0,0,0,0,0,0,0,0,0,依然范特西,周杰伦,,R&B,紅模仿.mp3,6,0/0,322382,8,0,stereo,2,center,Motion JPEG,mjpeg,0x0000,[0][0][0][0],0/1,video,340,340,unknown,pc,bt470bg,unknown,1:1,185.427200,16688448,unknown,Jay Chou\依然范特西\1006.紅模仿.mp3,MP2/3 (MPEG audio layer 2/3),mp3,0,340,N/A,1,-99,N/A,N/A,0,N/A,N/A,2,yuvj420p,51,unknown,90000/1,1,1:1,s16p,48000,,7472317,N/A,0.000000,1/90000,N/A,340,,,,,,,,,2006,,2006,,,,iTunes v6.0.5.20,,,,,,
1,0,0,0,0,0,0,0,0,0,0,0,依然范特西,周杰伦,,R&B,心雨.mp3,7,0/0,321635,8,0,stereo,2,center,Motion JPEG,mjpeg,0x0000,[0][0][0][0],0/1,video,340,340,unknown,pc,bt470bg,unknown,1:1,269.835200,24285168,unknown,Jay Chou\依然范特西\1007.心雨.mp3,MP2/3 (MPEG audio layer 2/3),mp3,0,340,N/A,1,-99,N/A,N/A,0,N/A,N/A,2,yuvj420p,51,unknown,90000/1,1,1:1,s16p,48000,,10848557,N/A,0.000000,1/90000,N/A,340,,,,,,,,,2006,,2006,,,,iTunes v6.0.5.20,,,,,,
1,0,0,0,0,0,0,0,0,0,0,0,依然范特西,周杰伦,,R&B,白色风车.mp3,8,0/0,321618,8,0,stereo,2,center,Motion JPEG,mjpeg,0x0000,[0][0][0][0],0/1,video,340,340,unknown,pc,bt470bg,unknown,1:1,272.643200,24537888,unknown,Jay Chou\依然范特西\1008.白色风车.mp3,MP2/3 (MPEG audio layer 2/3),mp3,0,340,N/A,1,-99,N/A,N/A,0,N/A,N/A,2,yuvj420p,51,unknown,90000/1,1,1:1,s16p,48000,,10960881,N/A,0.000000,1/90000,N/A,340,,,,,,,,,2006,,2006,,,,iTunes v6.0.5.20,,,,,,
1,0,0,0,0,0,0,0,0,0,0,0,依然范特西,周杰伦,,R&B,迷迭香.mp3,9,0/0,321754,8,0,stereo,2,center,Motion JPEG,mjpeg,0x0000,[0][0][0][0],0/1,video,340,340,unknown,pc,bt470bg,unknown,1:1,251.523200,22637088,unknown,Jay Chou\依然范特西\1009.迷迭香.mp3,MP2/3 (MPEG audio layer 2/3),mp3,0,340,N/A,1,-99,N/A,N/A,0,N/A,N/A,2,yuvj420p,51,unknown,90000/1,1,1:1,s16p,48000,,10116079,N/A,0.000000,1/90000,N/A,340,,,,,,,,,2006,,2006,,,,iTunes v6.0.5.20,,,,,,
1,0,0,0,0,0,0,0,0,0,0,0,依然范特西,周杰伦,,R&B,菊花台.mp3,10,0/0,321500,8,0,stereo,2,center,Motion JPEG,mjpeg,0x0000,[0][0][0][0],0/1,video,340,340,unknown,pc,bt470bg,unknown,1:1,294.027200,26462448,unknown,Jay Chou\依然范特西\1010.菊花台.mp3,MP2/3 (MPEG audio layer 2/3),mp3,0,340,N/A,1,-99,N/A,N/A,0,N/A,N/A,2,yuvj420p,51,unknown,90000/1,1,1:1,s16p,48000,,11816241,N/A,0.000000,1/90000,N/A,340,,,,,,,,,2006,,2006,,,,iTunes v6.0.5.20,,,,,,
1,0,0,0,0,0,0,0,0,0,0,0,八度空间,周杰伦,,Pop,半兽人.mp3,,0/0,321379,8,0,stereo,2,center,Motion JPEG,mjpeg,0x0000,[0][0][0][0],0/1,video,247,328,unknown,pc,bt470bg,unknown,328:247,245.554225,22099880,unknown,Jay Chou\八度空间\0401.半兽人.mp3,MP2/3 (MPEG audio layer 2/3),mp3,0,247,N/A,1,-99,N/A,N/A,0,N/A,N/A,2,yuvj420p,51,unknown,90000/1,1,1:1,s16p,44100,,9864514,N/A,0.000000,1/90000,N/A,328,,,,,,,,,2002,,2002,,,,,,,,,,
1,0,0,0,0,0,0,0,0,0,0,0,八度空间,周杰伦,,Pop,半岛铁盒.mp3,,0/0,321067,8,0,stereo,2,center,Motion JPEG,mjpeg,0x0000,[0][0][0][0],0/1,video,247,328,unknown,pc,bt470bg,unknown,328:247,317.443200,28569888,unknown,Jay Chou\八度空间\0402.半岛铁盒.mp3,MP2/3 (MPEG audio layer 2/3),mp3,0,247,N/A,1,-99,N/A,N/A,0,N/A,N/A,2,yuvj420p,51,unknown,90000/1,1,1:1,s16p,44100,,12740075,N/A,0.000000,1/90000,N/A,328,,,,,,,,,2002,,2002,,,,,,,,,,
1,0,0,0,0,0,0,0,0,0,0,0,八度空间,周杰伦,,,暗号.mp3,,0/0,321252,8,0,stereo,2,center,Motion JPEG,mjpeg,0x0000,[0][0][0][0],0/1,video,247,328,unknown,pc,bt470bg,unknown,328:247,269.821978,24283978,unknown,Jay Chou\八度空间\0403.暗号.mp3,MP2/3 (MPEG audio layer 2/3),mp3,0,247,N/A,1,-99,N/A,N/A,0,N/A,N/A,2,yuvj420p,51,unknown,90000/1,1,1:1,s16p,44100,,10835122,N/A,0.000000,1/90000,N/A,328,,,,,,,,,,,,,,,,,,,,,
1,0,0,0,0,0,0,0,0,0,0,0,八度空间,周杰伦,,Pop,龙拳.mp3,,0/0,321242,8,0,stereo,2,center,Motion JPEG,mjpeg,0x0000,[0][0][0][0],0/1,video,247,328,unknown,pc,bt470bg,unknown,328:247,272.617078,24535537,unknown,Jay Chou\八度空间\0404.龙拳.mp3,MP2/3 (MPEG audio layer 2/3),mp3,0,247,N/A,1,-99,N/A,N/A,0,N/A,N/A,2,yuvj420p,51,unknown,90000/1,1,1:1,s16p,44100,,10947026,N/A,0.000000,1/90000,N/A,328,,,,,,,,,2002,,2002,,,,,,,,,,
1,0,0,0,0,0,0,0,0,0,0,0,八度空间,周杰伦,,Pop,火车叨位去.mp3,,0/0,321236,8,0,stereo,2,center,Motion JPEG,mjpeg,0x0000,[0][0][0][0],0/1,video,247,328,unknown,pc,bt470bg,unknown,328:247,274.053800,24664842,unknown,Jay Chou\八度空间\0405.火车叨位去.mp3,MP2/3 (MPEG audio layer 2/3),mp3,0,247,N/A,1,-99,N/A,N/A,0,N/A,N/A,2,yuvj420p,51,unknown,90000/1,1,1:1,s16p,44100,,11004501,N/A,0.000000,1/90000,N/A,328,,,,,,,,,2002,,2002,,,,,,,,,,
1,0,0,0,0,0,0,0,0,0,0,0,八度空间,周杰伦,,Pop,分裂 离开.mp3,,0/0,321340,8,0,stereo,2,center,Motion JPEG,mjpeg,0x0000,[0][0][0][0],0/1,video,247,328,unknown,pc,bt470bg,unknown,328:247,252.685656,22741709,unknown,Jay Chou\八度空间\0406.分裂 离开.mp3,MP2/3 (MPEG audio layer 2/3),mp3,0,247,N/A,1,-99,N/A,N/A,0,N/A,N/A,2,yuvj420p,51,unknown,90000/1,1,1:1,s16p,44100,,10149769,N/A,0.000000,1/90000,N/A,328,,,,,,,,,2002,,2002,,,,,,,,,,
1,0,0,0,0,0,0,0,0,0,0,0,八度空间,周杰伦,,Pop,爷爷泡的茶.mp3,,0/0,321420,8,0,stereo,2,center,Motion JPEG,mjpeg,0x0000,[0][0][0][0],0/1,video,247,328,unknown,pc,bt470bg,unknown,328:247,238.553400,21469806,unknown,Jay Chou\八度空间\0407.爷爷泡的茶.mp3,MP2/3 (MPEG audio layer 2/3),mp3,0,247,N/A,1,-99,N/A,N/A,0,N/A,N/A,2,yuvj420p,51,unknown,90000/1,1,1:1,s16p,44100,,9584485,N/A,0.000000,1/90000,N/A,328,,,,,,,,,2002,,2002,,,,,,,,,,
1,0,0,0,0,0,0,0,0,0,0,0,八度空间,周杰伦,,Pop,回到过去.mp3,,0/0,321463,8,0,stereo,2,center,Motion JPEG,mjpeg,0x0000,[0][0][0][0],0/1,video,247,328,unknown,pc,bt470bg,unknown,328:247,231.526456,20837381,unknown,Jay Chou\八度空间\0408.回到过去.mp3,MP2/3 (MPEG audio layer 2/3),mp3,0,247,N/A,1,-99,N/A,N/A,0,N/A,N/A,2,yuvj420p,51,unknown,90000/1,1,1:1,s16p,44100,,9303405,N/A,0.000000,1/90000,N/A,328,,,,,,,,,2002,,2002,,,,,,,,,,
1,0,0,0,0,0,0,0,0,0,0,0,八度空间,周杰伦,,Pop,米兰的小铁匠.mp3,,0/0,321420,8,0,stereo,2,center,Motion JPEG,mjpeg,0x0000,[0][0][0][0],0/1,video,247,328,unknown,pc,bt470bg,unknown,328:247,238.657878,21479209,unknown,Jay Chou\八度空间\0409.米兰的小铁匠.mp3,MP2/3 (MPEG audio layer 2/3),mp3,0,247,N/A,1,-99,N/A,N/A,0,N/A,N/A,2,yuvj420p,51,unknown,90000/1,1,1:1,s16p,44100,,9588700,N/A,0.000000,1/90000,N/A,328,,,,,,,,,2002,ÖÜ½ÜÂ×,2002,,,,,,,,ÖÜ½ÜÂ×,,
1,0,0,0,0,0,0,0,0,0,0,0,八度空间,周杰伦,,Pop,最后的战役.mp3,,0/0,321349,8,0,stereo,2,center,Motion JPEG,mjpeg,0x0000,[0][0][0][0],0/1,video,247,328,unknown,pc,bt470bg,unknown,328:247,251.222778,22610050,unknown,Jay Chou\八度空间\0410.最后的战役.mp3,MP2/3 (MPEG audio layer 2/3),mp3,0,247,N/A,1,-99,N/A,N/A,0,N/A,N/A,2,yuvj420p,51,unknown,90000/1,1,1:1,s16p,44100,,10091294,N/A,0.000000,1/90000,N/A,328,,,,,,,,,2002,ÖÜ½ÜÂ×,2002,,,,,,,,ÖÜ½ÜÂ×,,
1,0,0,0,0,0,0,0,0,0,0,0,十一月的萧邦,周杰伦,,,夜曲.mp3,1,0/0,321778,8,0,stereo,2,center,Motion JPEG,mjpeg,0x0000,[0][0][0][0],0/1,video,550,550,unknown,pc,bt470bg,unknown,1:1,228.757478,20588173,unknown,Jay Chou\十一月的萧邦\0801.夜曲.mp3,MP2/3 (MPEG audio layer 2/3),mp3,0,550,N/A,1,-99,N/A,N/A,0,N/A,N/A,2,yuvj420p,51,unknown,90000/1,1,1:1,s16p,44100,,9201146,N/A,0.000000,1/90000,N/A,550,,,,,,,,,,,,,,,,,,,,,
1,0,0,0,0,0,0,0,0,0,0,0,十一月的萧邦,周杰伦,,,蓝色风暴.mp3,2,0/0,321421,8,0,stereo,2,center,Motion JPEG,mjpeg,0x0000,[0][0][0][0],0/1,video,550,550,unknown,pc,bt470bg,unknown,1:1,286.252978,25762768,unknown,Jay Chou\十一月的萧邦\0802.蓝色风暴.mp3,MP2/3 (MPEG audio layer 2/3),mp3,0,550,N/A,1,-99,N/A,N/A,0,N/A,N/A,2,yuvj420p,51,unknown,90000/1,1,1:1,s16p,44100,,11500970,N/A,0.000000,1/90000,N/A,550,,,,,,,,,,,,,,,,,,,,,
1,0,0,0,0,0,0,0,0,0,0,0,十一月的萧邦,周杰伦,,,发如雪.mp3,3,0/0,321348,8,0,stereo,2,center,Motion JPEG,mjpeg,0x0000,[0][0][0][0],0/1,video,550,550,unknown,pc,bt470bg,unknown,1:1,301.612978,27145168,unknown,Jay Chou\十一月的萧邦\0803.发如雪.mp3,MP2/3 (MPEG audio layer 2/3),mp3,0,550,N/A,1,-99,N/A,N/A,0,N/A,N/A,2,yuvj420p,51,unknown,90000/1,1,1:1,s16p,44100,,12115368,N/A,0.000000,1/90000,N/A,550,,,,,,,,,,,,,,,,,,,,,
1,0,0,0,0,0,0,0,0,0,0,0,十一月的萧邦,周杰伦,,,黑色毛衣.mp3,4,0/0,321617,8,0,stereo,2,center,Motion JPEG,mjpeg,0x0000,[0][0][0][0],0/1,video,550,550,unknown,pc,bt470bg,unknown,1:1,251.562378,22640614,unknown,Jay Chou\十一月的萧邦\0804.黑色毛衣.mp3,MP2/3 (MPEG audio layer 2/3),mp3,0,550,N/A,1,-99,N/A,N/A,0,N/A,N/A,2,yuvj420p,51,unknown,90000/1,1,1:1,s16p,44100,,10113346,N/A,0.000000,1/90000,N/A,550,,,,,,,,,,,,,,,,,,,,,
1,0,0,0,0,0,0,0,0,0,0,0,十一月的萧邦,周杰伦,,,四面楚歌.mp3,5,0/0,321646,8,0,stereo,2,center,Motion JPEG,mjpeg,0x0000,[0][0][0][0],0/1,video,550,550,unknown,pc,bt470bg,unknown,1:1,247.069300,22236237,unknown,Jay Chou\十一月的萧邦\0805.四面楚歌.mp3,MP2/3 (MPEG audio layer 2/3),mp3,0,550,N/A,1,-99,N/A,N/A,0,N/A,N/A,2,yuvj420p,51,unknown,90000/1,1,1:1,s16p,44100,,9933623,N/A,0.000000,1/90000,N/A,550,,,,,,,,,,,,,,,,,,,,,
1,0,0,0,0,0,0,0,0,0,0,0,十一月的萧邦,周杰伦,,,枫.mp3,6,0/0,321468,8,0,stereo,2,center,Motion JPEG,mjpeg,0x0000,[0][0][0][0],0/1,video,550,550,unknown,pc,bt470bg,unknown,1:1,277.005656,24930509,unknown,Jay Chou\十一月的萧邦\0806.枫.mp3,MP2/3 (MPEG audio layer 2/3),mp3,0,550,N/A,1,-99,N/A,N/A,0,N/A,N/A,2,yuvj420p,51,unknown,90000/1,1,1:1,s16p,44100,,11131071,N/A,0.000000,1/90000,N/A,550,,,,,,,,,,,,,,,,,,,,,
1,0,0,0,0,0,0,0,0,0,0,0,十一月的萧邦,周杰伦,,,浪漫手机.mp3,7,0/0,321692,8,0,stereo,2,center,Motion JPEG,mjpeg,0x0000,[0][0][0][0],0/1,video,550,550,unknown,pc,bt470bg,unknown,1:1,240.381978,21634378,unknown,Jay Chou\十一月的萧邦\0807.浪漫手机.mp3,MP2/3 (MPEG audio layer 2/3),mp3,0,550,N/A,1,-99,N/A,N/A,0,N/A,N/A,2,yuvj420p,51,unknown,90000/1,1,1:1,s16p,44100,,9666130,N/A,0.000000,1/90000,N/A,550,,,,,,,,,,,,,,,,,,,,,
1,0,0,0,0,0,0,0,0,0,0,0,十一月的萧邦,周杰伦,,,逆鳞.mp3,8,0/0,321737,8,0,stereo,2,center,Motion JPEG,mjpeg,0x0000,[0][0][0][0],0/1,video,550,550,unknown,pc,bt470bg,unknown,1:1,234.060325,21065429,unknown,Jay Chou\十一月的萧邦\0808.逆鳞.mp3,MP2/3 (MPEG audio layer 2/3),mp3,0,550,N/A,1,-99,N/A,N/A,0,N/A,N/A,2,yuvj420p,51,unknown,90000/1,1,1:1,s16p,44100,,9413260,N/A,0.000000,1/90000,N/A,550,,,,,,,,,,,,,,,,,,,,,
1,0,0,0,0,0,0,0,0,0,0,0,十一月的萧邦,周杰伦,,,麦芽糖.mp3,9,0/0,321562,8,0,stereo,2,center,Motion JPEG,mjpeg,0x0000,[0][0][0][0],0/1,video,550,550,unknown,pc,bt470bg,unknown,1:1,260.365656,23432909,unknown,Jay Chou\十一月的萧邦\0809.麦芽糖.mp3,MP2/3 (MPEG audio layer 2/3),mp3,0,550,N/A,1,-99,N/A,N/A,0,N/A,N/A,2,yuvj420p,51,unknown,90000/1,1,1:1,s16p,44100,,10465475,N/A,0.000000,1/90000,N/A,550,,,,,,,,,,,,,,,,,,,,,
1,0,0,0,0,0,0,0,0,0,0,0,十一月的萧邦,周杰伦\Lara,,,珊瑚海.mp3,10,0/0,321587,8,0,stereo,2,center,Motion JPEG,mjpeg,0x0000,[0][0][0][0],0/1,video,550,550,unknown,pc,bt470bg,unknown,1:1,256.316656,23068499,unknown,Jay Chou\十一月的萧邦\0810.珊瑚海.mp3,MP2/3 (MPEG audio layer 2/3),mp3,0,550,N/A,1,-99,N/A,N/A,0,N/A,N/A,2,yuvj420p,51,unknown,90000/1,1,1:1,s16p,44100,,10303522,N/A,0.000000,1/90000,N/A,550,,,,,,,,,,,,,,,,,,,,,
1,0,0,0,0,0,0,0,0,0,0,0,十一月的萧邦,周杰伦,,,飘移.mp3,11,0/0,321666,8,0,stereo,2,center,Motion JPEG,mjpeg,0x0000,[0][0][0][0],0/1,video,550,550,unknown,pc,bt470bg,unknown,1:1,244.117478,21970573,unknown,Jay Chou\十一月的萧邦\0811.飘移.mp3,MP2/3 (MPEG audio layer 2/3),mp3,0,550,N/A,1,-99,N/A,N/A,0,N/A,N/A,2,yuvj420p,51,unknown,90000/1,1,1:1,s16p,44100,,9815548,N/A,0.000000,1/90000,N/A,550,,,,,,,,,,,,,,,,,,,,,
1,0,0,0,0,0,0,0,0,0,0,0,十一月的萧邦,周杰伦,,,一路向北.mp3,12,0/0,321382,8,0,stereo,2,center,Motion JPEG,mjpeg,0x0000,[0][0][0][0],0/1,video,550,550,unknown,pc,bt470bg,unknown,1:1,294.220325,26479829,unknown,Jay Chou\十一月的萧邦\0812.一路向北.mp3,MP2/3 (MPEG audio layer 2/3),mp3,0,550,N/A,1,-99,N/A,N/A,0,N/A,N/A,2,yuvj420p,51,unknown,90000/1,1,1:1,s16p,44100,,11819666,N/A,0.000000,1/90000,N/A,550,,,,,,,,,,,,,,,,,,,,,
1,0,0,0,0,0,0,0,0,0,0,0,十二新作,周杰伦,LAME3.92 ,,四季列车.mp3,1,0/0,325630,8,0,stereo,2,center,Motion JPEG,mjpeg,0x0000,[0][0][0][0],0/1,video,640,640,unknown,pc,bt470bg,unknown,1:1,159.660408,14369437,unknown,Jay Chou\十二新作\1701.四季列车.mp3,MP2/3 (MPEG audio layer 2/3),mp3,0,640,N/A,1,-99,N/A,N/A,0,N/A,N/A,2,yuvj420p,51,unknown,90000/1,1,1:1,s16p,44100,,6498783,2255,0.025056,1/90000,N/A,640,,,,,,,,,,,2012,,,,,,,,ÖÜ½ÜÂ×,,
1,0,0,0,0,0,0,0,0,0,0,0,十二新作,周杰伦,LAME3.92 ,,手语.mp3,2,0/0,323113,8,0,stereo,2,center,Motion JPEG,mjpeg,0x0000,[0][0][0][0],0/1,video,640,640,unknown,pc,bt470bg,unknown,1:1,288.679184,25981127,unknown,Jay Chou\十二新作\1702.手语.mp3,MP2/3 (MPEG audio layer 2/3),mp3,0,640,N/A,1,-99,N/A,N/A,0,N/A,N/A,2,yuvj420p,51,unknown,90000/1,1,1:1,s16p,44100,,11659530,2255,0.025056,1/90000,N/A,640,,,,,,,,,,,2012,,,,,,,,ÖÜ½ÜÂ×,,
1,0,0,0,0,0,0,0,0,0,0,0,十二新作,周杰伦,LAME3.92 ,,公公偏头痛.mp3,3,0/0,324907,8,0,stereo,2,center,Motion JPEG,mjpeg,0x0000,[0][0][0][0],0/1,video,640,640,unknown,pc,bt470bg,unknown,1:1,183.196735,16487706,unknown,Jay Chou\十二新作\1703.公公偏头痛.mp3,MP2/3 (MPEG audio layer 2/3),mp3,0,640,N/A,1,-99,N/A,N/A,0,N/A,N/A,2,yuvj420p,51,unknown,90000/1,1,1:1,s16p,44100,,7440238,2255,0.025056,1/90000,N/A,640,,,,,,,,,,,2012,,,,,,,,ÖÜ½ÜÂ×,,
1,0,0,0,0,0,0,0,0,0,0,0,十二新作,周杰伦,LAME3.92 ,,明明就.mp3,4,0/0,323483,8,0,stereo,2,center,Motion JPEG,mjpeg,0x0000,[0][0][0][0],0/1,video,640,640,unknown,pc,bt470bg,unknown,1:1,258.063673,23225731,unknown,Jay Chou\十二新作\1704.明明就.mp3,MP2/3 (MPEG audio layer 2/3),mp3,0,640,N/A,1,-99,N/A,N/A,0,N/A,N/A,2,yuvj420p,51,unknown,90000/1,1,1:1,s16p,44100,,10434912,2255,0.025056,1/90000,N/A,640,,,,,,,,,,,2012,,,,,,,,ÖÜ½ÜÂ×,,
1,0,0,0,0,0,0,0,0,0,0,0,十二新作,周杰伦,LAME3.92 ,,傻笑.mp3,5,0/0,323099,8,0,stereo,2,center,Motion JPEG,mjpeg,0x0000,[0][0][0][0],0/1,video,640,640,unknown,pc,bt470bg,unknown,1:1,290.011429,26101029,unknown,Jay Chou\十二新作\1705.傻笑.mp3,MP2/3 (MPEG audio layer 2/3),mp3,0,640,N/A,1,-99,N/A,N/A,0,N/A,N/A,2,yuvj420p,51,unknown,90000/1,1,1:1,s16p,44100,,11712820,2255,0.025056,1/90000,N/A,640,,,,,,,,,,,2012,,,,,,,,ÖÜ½ÜÂ×,,
1,0,0,0,0,0,0,0,0,0,0,0,十二新作,周杰伦,LAME3.92 ,,比较大的大提琴.mp3,6,0/0,323555,8,0,stereo,2,center,Motion JPEG,mjpeg,0x0000,[0][0][0][0],0/1,video,640,640,unknown,pc,bt470bg,unknown,1:1,252.839184,22755527,unknown,Jay Chou\十二新作\1706.比较大的大提琴.mp3,MP2/3 (MPEG audio layer 2/3),mp3,0,640,N/A,1,-99,N/A,N/A,0,N/A,N/A,2,yuvj420p,51,unknown,90000/1,1,1:1,s16p,44100,,10225940,2255,0.025056,1/90000,N/A,640,,,,,,,,,,,2012,,,,,,,,ÖÜ½ÜÂ×,,
1,0,0,0,0,0,0,0,0,0,0,0,十二新作,周杰伦,LAME3.92 ,,爱你没差.mp3,7,0/0,323201,8,0,stereo,2,center,Motion JPEG,mjpeg,0x0000,[0][0][0][0],0/1,video,640,640,unknown,pc,bt470bg,unknown,1:1,280.764082,25268767,unknown,Jay Chou\十二新作\1707.爱你没差.mp3,MP2/3 (MPEG audio layer 2/3),mp3,0,640,N/A,1,-99,N/A,N/A,0,N/A,N/A,2,yuvj420p,51,unknown,90000/1,1,1:1,s16p,44100,,11342930,2255,0.025056,1/90000,N/A,640,,,,,,,,,,,2012,,,,,,,,ÖÜ½ÜÂ×,,
1,0,0,0,0,0,0,0,0,0,0,0,十二新作,周杰伦,LAME3.92 ,,红尘客栈.mp3,8,0/0,323261,8,0,stereo,2,center,Motion JPEG,mjpeg,0x0000,[0][0][0][0],0/1,video,640,640,unknown,pc,bt470bg,unknown,1:1,275.644082,24807967,unknown,Jay Chou\十二新作\1708.红尘客栈.mp3,MP2/3 (MPEG audio layer 2/3),mp3,0,640,N/A,1,-99,N/A,N/A,0,N/A,N/A,2,yuvj420p,51,unknown,90000/1,1,1:1,s16p,44100,,11138130,2255,0.025056,1/90000,N/A,640,,,,,,,,,,,2012,,,,,,,,ÖÜ½ÜÂ×,,
1,0,0,0,0,0,0,0,0,0,0,0,十二新作,周杰伦,LAME3.92 ,,梦想启动.mp3,9,0/0,324373,8,0,stereo,2,center,Motion JPEG,mjpeg,0x0000,[0][0][0][0],0/1,video,640,640,unknown,pc,bt470bg,unknown,1:1,205.531429,18497829,unknown,Jay Chou\十二新作\1709.梦想启动.mp3,MP2/3 (MPEG audio layer 2/3),mp3,0,640,N/A,1,-99,N/A,N/A,0,N/A,N/A,2,yuvj420p,51,unknown,90000/1,1,1:1,s16p,44100,,8333624,2255,0.025056,1/90000,N/A,640,,,,,,,,,,,2012,,,,,,,,ÖÜ½ÜÂ×,,
1,0,0,0,0,0,0,0,0,0,0,0,十二新作,周杰伦,LAME3.92 ,,大笨钟.mp3,10,0/0,323701,8,0,stereo,2,center,Motion JPEG,mjpeg,0x0000,[0][0][0][0],0/1,video,640,640,unknown,pc,bt470bg,unknown,1:1,242.886531,21859788,unknown,Jay Chou\十二新作\1710.大笨钟.mp3,MP2/3 (MPEG audio layer 2/3),mp3,0,640,N/A,1,-99,N/A,N/A,0,N/A,N/A,2,yuvj420p,51,unknown,90000/1,1,1:1,s16p,44100,,9827827,2255,0.025056,1/90000,N/A,640,,,,,,,,,,,2012,,,,,,,,ÖÜ½ÜÂ×,,
1,0,0,0,0,0,0,0,0,0,0,0,十二新作,周杰伦,LAME3.92 ,,哪里都是你.mp3,11,0/0,323220,8,0,stereo,2,center,Motion JPEG,mjpeg,0x0000,[0][0][0][0],0/1,video,640,640,unknown,pc,bt470bg,unknown,1:1,279.092245,25118302,unknown,Jay Chou\十二新作\1711.哪里都是你.mp3,MP2/3 (MPEG audio layer 2/3),mp3,0,640,N/A,1,-99,N/A,N/A,0,N/A,N/A,2,yuvj420p,51,unknown,90000/1,1,1:1,s16p,44100,,11276059,2255,0.025056,1/90000,N/A,640,,,,,,,,,,,2012,,,,,,,,ÖÜ½ÜÂ×,,
1,0,0,0,0,0,0,0,0,0,0,0,十二新作,周杰伦,LAME3.92 ,,乌克丽丽.mp3,12,0/0,325129,8,0,stereo,2,center,Motion JPEG,mjpeg,0x0000,[0][0][0][0],0/1,video,640,640,unknown,pc,bt470bg,unknown,1:1,175.255510,15772996,unknown,Jay Chou\十二新作\1712.乌克丽丽.mp3,MP2/3 (MPEG audio layer 2/3),mp3,0,640,N/A,1,-99,N/A,N/A,0,N/A,N/A,2,yuvj420p,51,unknown,90000/1,1,1:1,s16p,44100,,7122588,2255,0.025056,1/90000,N/A,640,,,,,,,,,,,2012,,,,,,,,ÖÜ½ÜÂ×,,
1,0,0,0,0,0,0,0,0,0,0,0,叶惠美,周杰伦,,Other,以父之名.mp3,1,0/0,321099,8,0,stereo,2,center,Motion JPEG,mjpeg,0x0000,[0][0][0][0],0/1,video,200,200,unknown,pc,bt470bg,unknown,1:1,341.972178,30777496,unknown,Jay Chou\叶惠美\0501.以父之名.mp3,MP2/3 (MPEG audio layer 2/3),mp3,0,200,N/A,1,-99,N/A,N/A,0,N/A,N/A,2,yuvj444p,51,unknown,90000/1,1,1:1,s16p,44100,Replay Gain,13725897,N/A,0.000000,1/90000,N/A,200,,,,,,,,,2003,,2003,"093,211",-9.575000 dB,1.215946,,,,,,"-001,-001,N",
1,0,0,0,0,0,0,0,0,0,0,0,叶惠美,周杰伦,,Other,懦夫.mp3,2,0/0,321725,8,0,stereo,2,center,Motion JPEG,mjpeg,0x0000,[0][0][0][0],0/1,video,200,200,unknown,pc,bt470bg,unknown,1:1,217.995025,19619552,unknown,Jay Chou\叶惠美\0502.懦夫.mp3,MP2/3 (MPEG audio layer 2/3),mp3,0,200,N/A,1,-99,N/A,N/A,0,N/A,N/A,2,yuvj444p,51,unknown,90000/1,1,1:1,s16p,44100,Replay Gain,8766807,N/A,0.000000,1/90000,N/A,200,,,,,,,,,2003,,2003,"115,209",-8.895000 dB,0.876970,,,,,,"+001,+001,N",
1,0,0,0,0,0,0,0,0,0,0,0,叶惠美,周杰伦,,Other,晴天.mp3,3,0/0,321395,8,0,stereo,2,center,Motion JPEG,mjpeg,0x0000,[0][0][0][0],0/1,video,200,200,unknown,pc,bt470bg,unknown,1:1,269.534625,24258116,unknown,Jay Chou\叶惠美\0503.晴天.mp3,MP2/3 (MPEG audio layer 2/3),mp3,0,200,N/A,1,-99,N/A,N/A,0,N/A,N/A,2,yuvj444p,51,unknown,90000/1,1,1:1,s16p,44100,Replay Gain,10828391,N/A,0.000000,1/90000,N/A,200,,,,,,,,,2003,,2003,"121,211",-8.365000 dB,1.209981,,,,,,"-001,-001,N",
1,0,0,0,0,0,0,0,0,0,0,0,叶惠美,周杰伦,,Other,三年二班.mp3,4,0/0,321340,8,0,stereo,2,center,Motion JPEG,mjpeg,0x0000,[0][0][0][0],0/1,video,200,200,unknown,pc,bt470bg,unknown,1:1,280.506056,25245545,unknown,Jay Chou\叶惠美\0504.三年二班.mp3,MP2/3 (MPEG audio layer 2/3),mp3,0,200,N/A,1,-99,N/A,N/A,0,N/A,N/A,2,yuvj444p,51,unknown,90000/1,1,1:1,s16p,44100,Replay Gain,11267252,N/A,0.000000,1/90000,N/A,200,,,,,,,,,2003,,2003,"048,212",-9.390000 dB,1.397284,,,,,,"-002,-002,N",
1,0,0,0,0,0,0,0,0,0,0,0,叶惠美,周杰伦,,Other,东风破.mp3,5,0/0,321192,8,0,stereo,2,center,Motion JPEG,mjpeg,0x0000,[0][0][0][0],0/1,video,200,200,unknown,pc,bt470bg,unknown,1:1,315.301156,28377104,unknown,Jay Chou\叶惠美\0505.东风破.mp3,MP2/3 (MPEG audio layer 2/3),mp3,0,200,N/A,1,-99,N/A,N/A,0,N/A,N/A,2,yuvj444p,51,unknown,90000/1,1,1:1,s16p,44100,Replay Gain,12659054,N/A,0.000000,1/90000,N/A,200,,,,,,,,,2003,,2003,"093,212",-9.680000 dB,1.468157,,,,,,"-002,-002,N",
1,0,0,0,0,0,0,0,0,0,0,0,叶惠美,周杰伦,,Other,你听得到.mp3,6,0/0,321630,8,0,stereo,2,center,Motion JPEG,mjpeg,0x0000,[0][0][0][0],0/1,video,200,200,unknown,pc,bt470bg,unknown,1:1,230.586056,20752745,unknown,Jay Chou\叶惠美\0506.你听得到.mp3,MP2/3 (MPEG audio layer 2/3),mp3,0,200,N/A,1,-99,N/A,N/A,0,N/A,N/A,2,yuvj444p,51,unknown,90000/1,1,1:1,s16p,44100,Replay Gain,9270452,N/A,0.000000,1/90000,N/A,200,,,,,,,,,2003,,2003,"116,213",-9.195000 dB,1.653623,,,,,,"-003,-003,N",
1,0,0,0,0,0,0,0,0,0,0,0,叶惠美,周杰伦,,Other,同一种调调.mp3,7,0/0,321628,8,0,stereo,2,center,Motion JPEG,mjpeg,0x0000,[0][0][0][0],0/1,video,200,200,unknown,pc,bt470bg,unknown,1:1,230.977878,20788009,unknown,Jay Chou\叶惠美\0507.同一种调调.mp3,MP2/3 (MPEG audio layer 2/3),mp3,0,200,N/A,1,-99,N/A,N/A,0,N/A,N/A,2,yuvj444p,51,unknown,90000/1,1,1:1,s16p,44100,Replay Gain,9286127,N/A,0.000000,1/90000,N/A,200,,,,,,,,,2003,,2003,"078,212",-9.750000 dB,1.424947,,,,,,"-002,-002,N",
1,0,0,0,0,0,0,0,0,0,0,0,叶惠美,周杰伦,,Other,她的睫毛.mp3,8,0/0,321615,8,0,stereo,2,center,Motion JPEG,mjpeg,0x0000,[0][0][0][0],0/1,video,200,200,unknown,pc,bt470bg,unknown,1:1,232.649725,20938475,unknown,Jay Chou\叶惠美\0508.她的睫毛.mp3,MP2/3 (MPEG audio layer 2/3),mp3,0,200,N/A,1,-99,N/A,N/A,0,N/A,N/A,2,yuvj444p,51,unknown,90000/1,1,1:1,s16p,44100,Replay Gain,9352964,N/A,0.000000,1/90000,N/A,200,,,,,,,,,2003,,2003,"107,210",-9.010000 dB,1.037664,,,,,,,
1,0,0,0,0,0,0,0,0,0,0,0,叶惠美,周杰伦,,Other,爱情悬崖.mp3,9,0/0,321433,8,0,stereo,2,center,Motion JPEG,mjpeg,0x0000,[0][0][0][0],0/1,video,200,200,unknown,pc,bt470bg,unknown,1:1,262.403200,23616288,unknown,Jay Chou\叶惠美\0509.爱情悬崖.mp3,MP2/3 (MPEG audio layer 2/3),mp3,0,200,N/A,1,-99,N/A,N/A,0,N/A,N/A,2,yuvj444p,51,unknown,90000/1,1,1:1,s16p,44100,Replay Gain,10543138,N/A,0.000000,1/90000,N/A,200,,,,,,,,,2003,,2003,"110,211",-8.475000 dB,1.149329,,,,,,"-001,-001,N",
1,0,0,0,0,0,0,0,0,0,0,0,叶惠美,周杰伦,,Other,梯田.mp3,10,0/0,321763,8,0,stereo,2,center,Motion JPEG,mjpeg,0x0000,[0][0][0][0],0/1,video,200,200,unknown,pc,bt470bg,unknown,1:1,213.240756,19191668,unknown,Jay Chou\叶惠美\0510.梯田.mp3,MP2/3 (MPEG audio layer 2/3),mp3,0,200,N/A,1,-99,N/A,N/A,0,N/A,N/A,2,yuvj444p,51,unknown,90000/1,1,1:1,s16p,44100,Replay Gain,8576638,N/A,0.000000,1/90000,N/A,200,,,,,,,,,2003,,2003,"086,211",-8.635000 dB,1.227957,,,,,,"-001,-001,N",
1,0,0,0,0,0,0,0,0,0,0,0,叶惠美,周杰伦,,Other,双刀.mp3,11,0/0,321289,8,0,stereo,2,center,Motion JPEG,mjpeg,0x0000,[0][0][0][0],0/1,video,200,200,unknown,pc,bt470bg,unknown,1:1,291.529725,26237675,unknown,Jay Chou\叶惠美\0511.双刀.mp3,MP2/3 (MPEG audio layer 2/3),mp3,0,200,N/A,1,-99,N/A,N/A,0,N/A,N/A,2,yuvj444p,51,unknown,90000/1,1,1:1,s16p,44100,Replay Gain,11708197,N/A,0.000000,1/90000,N/A,200,,,,,,,,,2003,,2003,"057,209",-8.995000 dB,0.863333,,,,,,"+001,+001,N",
0,0,0,0,0,0,0,0,0,0,0,0,哎呦，不错哦,周杰伦,LAME3.99r,,阳明山.mp3,01,0/0,320173,N/A,0,stereo,2,,MP3 (MPEG audio layer 3),mp3,0x0000,[0][0][0][0],1/44100,audio,,,,,,,,152.346122,2149908480,,Jay Chou\哎呦，不错哦\1801.阳明山.mp3,MP2/3 (MPEG audio layer 2/3),mp3,,,N/A,0,,N/A,N/A,0,N/A,N/A,1,,51,unknown,0/0,,,s16p,44100,Replay Gain,6097157,353600,0.025057,1/14112000,,,,,,,,,,,,,,,,,,,,,,,
0,0,0,0,0,0,0,0,0,0,0,0,哎呦，不错哦,周杰伦,LAME3.99r,,窃爱.mp3,02,0/0,320129,N/A,0,stereo,2,,MP3 (MPEG audio layer 3),mp3,0x0000,[0][0][0][0],1/44100,audio,,,,,,,,204.120816,2880552960,,Jay Chou\哎呦，不错哦\1802.窃爱.mp3,MP2/3 (MPEG audio layer 2/3),mp3,,,N/A,0,,N/A,N/A,0,N/A,N/A,1,,51,unknown,0/0,,,s16p,44100,Replay Gain,8168143,353600,0.025057,1/14112000,,,,,,,,,,,,,,,,,,,,,,,
0,0,0,0,0,0,0,0,0,0,0,0,哎呦，不错哦,周杰伦,LAME3.99r,,算什么男人.mp3,03,0/0,320091,N/A,0,stereo,2,,MP3 (MPEG audio layer 3),mp3,0x0000,[0][0][0][0],1/44100,audio,,,,,,,,288.470204,4070891520,,Jay Chou\哎呦，不错哦\1803.算什么男人.mp3,MP2/3 (MPEG audio layer 2/3),mp3,,,N/A,0,,N/A,N/A,0,N/A,N/A,1,,51,unknown,0/0,,,s16p,44100,Replay Gain,11542125,353600,0.025057,1/14112000,,,,,,,,,,,,,,,,,,,,,,,
0,0,0,0,0,0,0,0,0,0,0,0,哎呦，不错哦,周杰伦,LAME3.99r,,天涯过客.mp3,04,0/0,320104,N/A,0,stereo,2,,MP3 (MPEG audio layer 3),mp3,0x0000,[0][0][0][0],1/44100,audio,,,,,,,,253.231020,3573596160,,Jay Chou\哎呦，不错哦\1804.天涯过客.mp3,MP2/3 (MPEG audio layer 2/3),mp3,,,N/A,0,,N/A,N/A,0,N/A,N/A,1,,51,unknown,0/0,,,s16p,44100,Replay Gain,10132555,353600,0.025057,1/14112000,,,,,,,,,,,,,,,,,,,,,,,
0,0,0,0,0,0,0,0,0,0,0,0,哎呦，不错哦,周杰伦,LAME3.99r,,怎么了.mp3,05,0/0,320114,N/A,0,stereo,2,,MP3 (MPEG audio layer 3),mp3,0x0000,[0][0][0][0],1/44100,audio,,,,,,,,232.124082,3275735040,,Jay Chou\哎呦，不错哦\1805.怎么了.mp3,MP2/3 (MPEG audio layer 2/3),mp3,,,N/A,0,,N/A,N/A,0,N/A,N/A,1,,51,unknown,0/0,,,s16p,44100,Replay Gain,9288276,353600,0.025057,1/14112000,,,,,,,,,,,,,,,,,,,,,,,
0,0,0,0,0,0,0,0,0,0,0,0,哎呦，不错哦,周杰伦,LAME3.99r,,一口气全念对.mp3,06,0/0,320167,N/A,0,stereo,2,,MP3 (MPEG audio layer 3),mp3,0x0000,[0][0][0][0],1/44100,audio,,,,,,,,158.928980,2242805760,,Jay Chou\哎呦，不错哦\1806.一口气全念对.mp3,MP2/3 (MPEG audio layer 2/3),mp3,,,N/A,0,,N/A,N/A,0,N/A,N/A,1,,51,unknown,0/0,,,s16p,44100,Replay Gain,6360478,353600,0.025057,1/14112000,,,,,,,,,,,,,,,,,,,,,,,
0,0,0,0,0,0,0,0,0,0,0,0,哎呦，不错哦,周杰伦,LAME3.99r,,我要夏天.mp3,07,0/0,320120,N/A,0,stereo,2,,MP3 (MPEG audio layer 3),mp3,0x0000,[0][0][0][0],1/44100,audio,,,,,,,,219.820408,3102105600,,Jay Chou\哎呦，不错哦\1807.我要夏天.mp3,MP2/3 (MPEG audio layer 2/3),mp3,,,N/A,0,,N/A,N/A,0,N/A,N/A,1,,51,unknown,0/0,,,s16p,44100,Replay Gain,8796131,353600,0.025057,1/14112000,,,,,,,,,,,,,,,,,,,,,,,
0,0,0,0,0,0,0,0,0,0,0,0,哎呦，不错哦,周杰伦,LAME3.99r,,手写的从前.mp3,08,0/0,320089,N/A,0,stereo,2,,MP3 (MPEG audio layer 3),mp3,0x0000,[0][0][0][0],1/44100,audio,,,,,,,,297.534694,4198809600,,Jay Chou\哎呦，不错哦\1808.手写的从前.mp3,MP2/3 (MPEG audio layer 2/3),mp3,,,N/A,0,,N/A,N/A,0,N/A,N/A,1,,51,unknown,0/0,,,s16p,44100,Replay Gain,11904704,353600,0.025057,1/14112000,,,,,,,,,,,,,,,,,,,,,,,
0,0,0,0,0,0,0,0,0,0,0,0,哎呦，不错哦,周杰伦,LAME3.99r,,鞋子特大号.mp3,09,0/0,320119,N/A,0,stereo,2,,MP3 (MPEG audio layer 3),mp3,0x0000,[0][0][0][0],1/44100,audio,,,,,,,,221.152653,3120906240,,Jay Chou\哎呦，不错哦\1809.鞋子特大号.mp3,MP2/3 (MPEG audio layer 2/3),mp3,,,N/A,0,,N/A,N/A,0,N/A,N/A,1,,51,unknown,0/0,,,s16p,44100,Replay Gain,8849423,353600,0.025057,1/14112000,,,,,,,,,,,,,,,,,,,,,,,
0,0,0,0,0,0,0,0,0,0,0,0,哎呦，不错哦,周杰伦,LAME3.99r,,听爸爸的话.mp3,10,0/0,320100,N/A,0,stereo,2,,MP3 (MPEG audio layer 3),mp3,0x0000,[0][0][0][0],1/44100,audio,,,,,,,,263.418776,3717365760,,Jay Chou\哎呦，不错哦\1810.听爸爸的话.mp3,MP2/3 (MPEG audio layer 2/3),mp3,,,N/A,0,,N/A,N/A,0,N/A,N/A,1,,51,unknown,0/0,,,s16p,44100,Replay Gain,10540068,353600,0.025057,1/14112000,,,,,,,,,,,,,,,,,,,,,,,
0,0,0,0,0,0,0,0,0,0,0,0,哎呦，不错哦,周杰伦,LAME3.99r,,美人鱼.mp3,11,0/0,320120,N/A,0,stereo,2,,MP3 (MPEG audio layer 3),mp3,0x0000,[0][0][0][0],1/44100,audio,,,,,,,,219.559184,3098419200,,Jay Chou\哎呦，不错哦\1811.美人鱼.mp3,MP2/3 (MPEG audio layer 2/3),mp3,,,N/A,0,,N/A,N/A,0,N/A,N/A,1,,51,unknown,0/0,,,s16p,44100,Replay Gain,8785680,353600,0.025057,1/14112000,,,,,,,,,,,,,,,,,,,,,,,
0,0,0,0,0,0,0,0,0,0,0,0,哎呦，不错哦,周杰伦,LAME3.99r,,听见下雨的声音.mp3,12,0/0,320095,N/A,0,stereo,2,,MP3 (MPEG audio layer 3),mp3,0x0000,[0][0][0][0],1/44100,audio,,,,,,,,279.327347,3941867520,,Jay Chou\哎呦，不错哦\1812.听见下雨的声音.mp3,MP2/3 (MPEG audio layer 2/3),mp3,,,N/A,0,,N/A,N/A,0,N/A,N/A,1,,51,unknown,0/0,,,s16p,44100,Replay Gain,11176414,353600,0.025057,1/14112000,,,,,,,,,,,,,,,,,,,,,,,
0,0,0,0,0,0,0,0,0,0,0,0,寻找周杰伦EP,周杰伦,,,轨迹.mp3,1,0/0,320025,N/A,0,stereo,2,,MP3 (MPEG audio layer 3),mp3,0x0000,[0][0][0][0],1/44100,audio,,,,,,,,326.847275,4612468745,,Jay Chou\寻找周杰伦EP\0601.轨迹.mp3,MP2/3 (MPEG audio layer 2/3),mp3,,,N/A,0,,N/A,N/A,0,N/A,N/A,1,,51,unknown,0/0,,,s16p,44100,,13074915,0,0.000000,1/14112000,,,,,,,,,,,,,,,,,,,,,,,
0,0,0,0,0,0,0,0,0,0,0,0,寻找周杰伦EP,周杰伦,,,断了的弦.mp3,2,0/0,320027,N/A,0,stereo,2,,MP3 (MPEG audio layer 3),mp3,0x0000,[0][0][0][0],1/44100,audio,,,,,,,,297.511750,4198485816,,Jay Chou\寻找周杰伦EP\0602.断了的弦.mp3,MP2/3 (MPEG audio layer 2/3),mp3,,,N/A,0,,N/A,N/A,0,N/A,N/A,1,,51,unknown,0/0,,,s16p,44100,,11901494,0,0.000000,1/14112000,,,,,,,,,,,,,,,,,,,,,,,
0,0,0,0,0,0,0,0,0,0,0,0,寻找周杰伦EP,周杰伦,,,断了的弦(Original Karaoke).mp3,4,0/0,320027,N/A,0,stereo,2,,MP3 (MPEG audio layer 3),mp3,0x0000,[0][0][0][0],1/44100,audio,,,,,,,,293.436650,4140978005,,Jay Chou\寻找周杰伦EP\周杰伦 - 断了的弦(Original Karaoke).mp3,MP2/3 (MPEG audio layer 2/3),mp3,,,N/A,0,,N/A,N/A,0,N/A,N/A,1,,51,unknown,0/0,,,s16p,44100,,11738490,0,0.000000,1/14112000,,,,,,,,,,,,,,,,,,,,,,,
0,0,0,0,0,0,0,0,0,0,0,0,寻找周杰伦EP,周杰伦,,,轨迹(Original Karaoke).mp3,3,0/0,320025,N/A,0,stereo,2,,MP3 (MPEG audio layer 3),mp3,0x0000,[0][0][0][0],1/44100,audio,,,,,,,,326.664425,4609888366,,Jay Chou\寻找周杰伦EP\周杰伦 - 轨迹(Original Karaoke).mp3,MP2/3 (MPEG audio layer 2/3),mp3,,,N/A,0,,N/A,N/A,0,N/A,N/A,1,,51,unknown,0/0,,,s16p,44100,,13067601,0,0.000000,1/14112000,,,,,,,,,,,,,,,,,,,,,,,
0,0,0,0,0,0,0,0,0,0,0,0,惊叹号！,周杰伦,LAME3.98r,,惊叹号.mp3,,0/0,320186,N/A,0,stereo,2,,MP3 (MPEG audio layer 3),mp3,0x0000,[0][0][0][0],1/44100,audio,,,,,,,,230.739592,3256197120,,Jay Chou\惊叹号！\1601.惊叹号.mp3,MP2/3 (MPEG audio layer 2/3),mp3,,,N/A,0,,N/A,N/A,0,N/A,N/A,1,,51,unknown,0/0,,,s16p,44100,,9234949,353600,0.025057,1/14112000,,,,,,,,,,,,,,,,,,,,,,,
0,0,0,0,0,0,0,0,0,0,0,0,惊叹号！,周杰伦,LAME3.98r,,迷魂曲.mp3,,0/0,320115,N/A,0,stereo,2,,MP3 (MPEG audio layer 3),mp3,0x0000,[0][0][0][0],1/44100,audio,,,,,,,,229.328980,3236290560,,Jay Chou\惊叹号！\1602.迷魂曲.mp3,MP2/3 (MPEG audio layer 2/3),mp3,,,N/A,0,,N/A,N/A,0,N/A,N/A,1,,51,unknown,0/0,,,s16p,44100,,9176479,353600,0.025057,1/14112000,,,,,,,,,,,,,,,,,,,,,,,
0,0,0,0,0,0,0,0,0,0,0,0,惊叹号！,周杰伦,,,Mine Mine.mp3,,0/0,320064,N/A,0,stereo,2,,MP3 (MPEG audio layer 3),mp3,0x0000,[0][0][0][0],1/44100,audio,,,,,,,,266.504425,3760910446,,Jay Chou\惊叹号！\1603.Mine Mine.mp3,MP2/3 (MPEG audio layer 2/3),mp3,,,N/A,0,,N/A,N/A,0,N/A,N/A,1,,51,unknown,0/0,,,s16p,44100,,10662325,0,0.000000,1/14112000,,,,,,,,,,,,,,,,,,,,,,,
0,0,0,0,0,0,0,0,0,0,0,0,惊叹号！,周杰伦,LAME3.98r,,公主病.mp3,,0/0,320121,N/A,0,stereo,2,,MP3 (MPEG audio layer 3),mp3,0x0000,[0][0][0][0],1/44100,audio,,,,,,,,218.853878,3088465920,,Jay Chou\惊叹号！\1604.公主病.mp3,MP2/3 (MPEG audio layer 2/3),mp3,,,N/A,0,,N/A,N/A,0,N/A,N/A,1,,51,unknown,0/0,,,s16p,44100,,8757475,353600,0.025057,1/14112000,,,,,,,,,,,,,,,,,,,,,,,
0,0,0,0,0,0,0,0,0,0,0,0,惊叹号！,周杰伦,,,你好吗.mp3,,0/0,320077,N/A,0,stereo,2,,MP3 (MPEG audio layer 3),mp3,0x0000,[0][0][0][0],1/44100,audio,,,,,,,,222.305250,3137171688,,Jay Chou\惊叹号！\1605.你好吗.mp3,MP2/3 (MPEG audio layer 2/3),mp3,,,N/A,0,,N/A,N/A,0,N/A,N/A,1,,51,unknown,0/0,,,s16p,44100,,8894358,0,0.000000,1/14112000,,,,,,,,,,,,,,,,,,,,,,,
0,0,0,0,0,0,0,0,0,0,0,0,惊叹号！,周杰伦,,,疗伤烧肉粽.mp3,,0/0,320092,N/A,0,stereo,2,,MP3 (MPEG audio layer 3),mp3,0x0000,[0][0][0][0],1/44100,audio,,,,,,,,185.942775,2624024441,,Jay Chou\惊叹号！\1606.疗伤烧肉粽.mp3,MP2/3 (MPEG audio layer 2/3),mp3,,,N/A,0,,N/A,N/A,0,N/A,N/A,1,,51,unknown,0/0,,,s16p,44100,,7439865,0,0.000000,1/14112000,,,,,,,,,,,,,,,,,,,,,,,
0,0,0,0,0,0,0,0,0,0,0,0,惊叹号！,周杰伦,LAME3.98r,,琴伤.mp3,,0/0,320132,N/A,0,stereo,2,,MP3 (MPEG audio layer 3),mp3,0x0000,[0][0][0][0],1/44100,audio,,,,,,,,199.549388,2816040960,,Jay Chou\惊叹号！\1607.琴伤.mp3,MP2/3 (MPEG audio layer 2/3),mp3,,,N/A,0,,N/A,N/A,0,N/A,N/A,1,,51,unknown,0/0,,,s16p,44100,,7985292,353600,0.025057,1/14112000,,,,,,,,,,,,,,,,,,,,,,,
0,0,0,0,0,0,0,0,0,0,0,0,惊叹号！,周杰伦,LAME3.98r,,水手怕水.mp3,,0/0,320165,N/A,0,stereo,2,,MP3 (MPEG audio layer 3),mp3,0x0000,[0][0][0][0],1/44100,audio,,,,,,,,160.182857,2260500480,,Jay Chou\惊叹号！\1608.水手怕水.mp3,MP2/3 (MPEG audio layer 2/3),mp3,,,N/A,0,,N/A,N/A,0,N/A,N/A,1,,51,unknown,0/0,,,s16p,44100,,6410637,353600,0.025057,1/14112000,,,,,,,,,,,,,,,,,,,,,,,
0,0,0,0,0,0,0,0,0,0,0,0,惊叹号！,周杰伦,LAME3.98r,,世界末末日.mp3,,0/0,320101,N/A,0,stereo,2,,MP3 (MPEG audio layer 3),mp3,0x0000,[0][0][0][0],1/44100,audio,,,,,,,,261.276735,3687137280,,Jay Chou\惊叹号！\1609.世界末末日.mp3,MP2/3 (MPEG audio layer 2/3),mp3,,,N/A,0,,N/A,N/A,0,N/A,N/A,1,,51,unknown,0/0,,,s16p,44100,,10454395,353600,0.025057,1/14112000,,,,,,,,,,,,,,,,,,,,,,,
0,0,0,0,0,0,0,0,0,0,0,0,惊叹号！,周杰伦,,,皮影戏.mp3,,0/0,320038,N/A,0,stereo,2,,MP3 (MPEG audio layer 3),mp3,0x0000,[0][0][0][0],1/44100,audio,,,,,,,,211.100000,2979043200,,Jay Chou\惊叹号！\1610.皮影戏.mp3,MP2/3 (MPEG audio layer 2/3),mp3,,,N/A,0,,N/A,N/A,0,N/A,N/A,1,,51,unknown,0/0,,,s16p,44100,,8445024,0,0.000000,1/14112000,,,,,,,,,,,,,,,,,,,,,,,WW
0,0,0,0,0,0,0,0,0,0,0,0,惊叹号！,周杰伦,LAME3.98r,,超跑女神.mp3,,0/0,320171,N/A,0,stereo,2,,MP3 (MPEG audio layer 3),mp3,0x0000,[0][0][0][0],1/44100,audio,,,,,,,,155.324082,2191933440,,Jay Chou\惊叹号！\1611.超跑女神.mp3,MP2/3 (MPEG audio layer 2/3),mp3,,,N/A,0,,N/A,N/A,0,N/A,N/A,1,,51,unknown,0/0,,,s16p,44100,,6216286,353600,0.025057,1/14112000,,,,,,,,,,,,,,,,,,,,,,,
1,0,0,0,0,0,0,0,0,0,0,0,我很忙,周杰伦,LAME3.90.,,牛仔很忙.mp3,1,0/0,302501,8,0,stereo,2,center,Motion JPEG,mjpeg,0x0000,[0][0][0][0],0/1,video,470,352,unknown,pc,bt470bg,unknown,0:1,168.228571,15140571,unknown,Jay Chou\我很忙\1301.牛仔很忙.mp3,MP2/3 (MPEG audio layer 2/3),mp3,0,470,N/A,1,-99,N/A,N/A,0,N/A,N/A,2,yuvj420p,51,unknown,90000/1,1,0:1,s16p,44100,,6361178,2255,0.025056,1/90000,N/A,352,,,,,,,,,,,,,,,,,,,,,
1,0,0,0,0,0,0,0,0,0,0,0,我很忙,周杰伦,LAME3.90.,,彩虹.mp3,2,0/0,270522,8,0,stereo,2,center,Motion JPEG,mjpeg,0x0000,[0][0][0][0],0/1,video,470,352,unknown,pc,bt470bg,unknown,0:1,263.836735,23745306,unknown,Jay Chou\我很忙\1302.彩虹.mp3,MP2/3 (MPEG audio layer 2/3),mp3,0,470,N/A,1,-99,N/A,N/A,0,N/A,N/A,2,yuvj420p,51,unknown,90000/1,1,0:1,s16p,44100,,8921724,2255,0.025056,1/90000,N/A,352,,,,,,,,,,,,,,,,,,,,,
1,0,0,0,0,0,0,0,0,0,0,0,我很忙,周杰伦,LAME3.90.,,青花瓷.mp3,3,0/0,292189,8,0,stereo,2,center,Motion JPEG,mjpeg,0x0000,[0][0][0][0],0/1,video,470,352,unknown,pc,bt470bg,unknown,0:1,239.386122,21544751,unknown,Jay Chou\我很忙\1303.青花瓷.mp3,MP2/3 (MPEG audio layer 2/3),mp3,0,470,N/A,1,-99,N/A,N/A,0,N/A,N/A,2,yuvj420p,51,unknown,90000/1,1,0:1,s16p,44100,,8743252,2255,0.025056,1/90000,N/A,352,,,,,,,,,,,,,,,,,,,,,
1,0,0,0,0,0,0,0,0,0,0,0,我很忙,周杰伦,LAME3.90.,,阳光宅男.mp3,4,0/0,291120,8,0,stereo,2,center,Motion JPEG,mjpeg,0x0000,[0][0][0][0],0/1,video,470,352,unknown,pc,bt470bg,unknown,0:1,222.876735,20058906,unknown,Jay Chou\我很忙\1304.阳光宅男.mp3,MP2/3 (MPEG audio layer 2/3),mp3,0,470,N/A,1,-99,N/A,N/A,0,N/A,N/A,2,yuvj420p,51,unknown,90000/1,1,0:1,s16p,44100,,8110485,2255,0.025056,1/90000,N/A,352,,,,,,,,,,,,,,,,,,,,,
1,0,0,0,0,0,0,0,0,0,0,0,我很忙,周杰伦,LAME3.90.,,蒲公英的约定.mp3,5,0/0,282911,8,0,stereo,2,center,Motion JPEG,mjpeg,0x0000,[0][0][0][0],0/1,video,470,352,unknown,pc,bt470bg,unknown,0:1,247.248980,22252408,unknown,Jay Chou\我很忙\1305.蒲公英的约定.mp3,MP2/3 (MPEG audio layer 2/3),mp3,0,470,N/A,1,-99,N/A,N/A,0,N/A,N/A,2,yuvj420p,51,unknown,90000/1,1,0:1,s16p,44100,,8743707,2255,0.025056,1/90000,N/A,352,,,,,,,,,,,,,,,,,,,,,
1,0,0,0,0,0,0,0,0,0,0,0,我很忙,周杰伦,LAME3.90.,,无双.mp3,6,0/0,312907,8,0,stereo,2,center,Motion JPEG,mjpeg,0x0000,[0][0][0][0],0/1,video,470,352,unknown,pc,bt470bg,unknown,0:1,233.560816,21020473,unknown,Jay Chou\我很忙\1306.无双.mp3,MP2/3 (MPEG audio layer 2/3),mp3,0,470,N/A,1,-99,N/A,N/A,0,N/A,N/A,2,yuvj420p,51,unknown,90000/1,1,0:1,s16p,44100,,9135363,2255,0.025056,1/90000,N/A,352,,,,,,,,,,,,,,,,,,,,,
1,0,0,0,0,0,0,0,0,0,0,0,我很忙,周杰伦,LAME3.90.,,我不配.mp3,7,0/0,307980,8,0,stereo,2,center,Motion JPEG,mjpeg,0x0000,[0][0][0][0],0/1,video,470,352,unknown,pc,bt470bg,unknown,0:1,288.809796,25992882,unknown,Jay Chou\我很忙\1307.我不配.mp3,MP2/3 (MPEG audio layer 2/3),mp3,0,470,N/A,1,-99,N/A,N/A,0,N/A,N/A,2,yuvj420p,51,unknown,90000/1,1,0:1,s16p,44100,,11118459,2255,0.025056,1/90000,N/A,352,,,,,,,,,,,,,,,,,,,,,
1,0,0,0,0,0,0,0,0,0,0,0,我很忙,周杰伦,LAME3.90.,,扯.mp3,8,0/0,285494,8,0,stereo,2,center,Motion JPEG,mjpeg,0x0000,[0][0][0][0],0/1,video,470,352,unknown,pc,bt470bg,unknown,0:1,210.442449,18939820,unknown,Jay Chou\我很忙\1308.扯.mp3,MP2/3 (MPEG audio layer 2/3),mp3,0,470,N/A,1,-99,N/A,N/A,0,N/A,N/A,2,yuvj420p,51,unknown,90000/1,1,0:1,s16p,44100,,7510031,2255,0.025056,1/90000,N/A,352,,,,,,,,,,,,,,,,,,,,,
1,0,0,0,0,0,0,0,0,0,0,0,我很忙,周杰伦,LAME3.90.,,甜甜的.mp3,9,0/0,310731,8,0,stereo,2,center,Motion JPEG,mjpeg,0x0000,[0][0][0][0],0/1,video,470,352,unknown,pc,bt470bg,unknown,0:1,243.905306,21951478,unknown,Jay Chou\我很忙\1309.甜甜的.mp3,MP2/3 (MPEG audio layer 2/3),mp3,0,470,N/A,1,-99,N/A,N/A,0,N/A,N/A,2,yuvj420p,51,unknown,90000/1,1,0:1,s16p,44100,,9473645,2255,0.025056,1/90000,N/A,352,,,,,,,,,,,,,,,,,,,,,
1,0,0,0,0,0,0,0,0,0,0,0,我很忙,周杰伦,LAME3.90.,,最长的电影.mp3,10,0/0,280987,8,0,stereo,2,center,Motion JPEG,mjpeg,0x0000,[0][0][0][0],0/1,video,470,352,unknown,pc,bt470bg,unknown,0:1,235.885714,21229714,unknown,Jay Chou\我很忙\1310.最长的电影.mp3,MP2/3 (MPEG audio layer 2/3),mp3,0,470,N/A,1,-99,N/A,N/A,0,N/A,N/A,2,yuvj420p,51,unknown,90000/1,1,0:1,s16p,44100,,8285108,2255,0.025056,1/90000,N/A,352,,,,,,,,,,,,,,,,,,,,,
1,0,0,0,0,0,0,0,0,0,0,0,范特西,周杰伦,LAME3.98a,R&B,上海 一九四三.mp3,6,0/0,322220,8,0,stereo,2,center,Motion JPEG,mjpeg,0x0000,[0][0][0][0],0/1,video,550,480,unknown,pc,bt470bg,unknown,48:55,195.840000,17625600,unknown,Jay Chou\范特西\周杰伦 - 上海 一九四三.mp3,MP2/3 (MPEG audio layer 2/3),mp3,0,550,N/A,1,-99,N/A,N/A,0,N/A,N/A,2,yuvj420p,51,unknown,90000/1,1,1:1,s16p,44100,Replay Gain,7887952,2255,0.025056,1/90000,N/A,480,,,,,,,,,,,2001,,,,,,,,,,
1,0,0,0,0,0,0,0,0,0,0,0,范特西,周杰伦,LAME3.98a,R&B,双截棍.mp3,9,0/0,322162,8,0,stereo,2,center,Motion JPEG,mjpeg,0x0000,[0][0][0][0],0/1,video,550,480,unknown,pc,bt470bg,unknown,48:55,201.064490,18095804,unknown,Jay Chou\范特西\周杰伦 - 双截棍.mp3,MP2/3 (MPEG audio layer 2/3),mp3,0,550,N/A,1,-99,N/A,N/A,0,N/A,N/A,2,yuvj420p,51,unknown,90000/1,1,1:1,s16p,44100,Replay Gain,8096921,2255,0.025056,1/90000,N/A,480,,,,,,,,,,,2001,,,,,,,,,,
1,0,0,0,0,0,0,0,0,0,0,0,范特西,周杰伦,LAME3.98a,R&B,威廉古堡.mp3,8,0/0,321840,8,0,stereo,2,center,Motion JPEG,mjpeg,0x0000,[0][0][0][0],0/1,video,550,480,unknown,pc,bt470bg,unknown,48:55,236.251429,21262629,unknown,Jay Chou\范特西\周杰伦 - 威廉古堡.mp3,MP2/3 (MPEG audio layer 2/3),mp3,0,550,N/A,1,-99,N/A,N/A,0,N/A,N/A,2,yuvj420p,51,unknown,90000/1,1,1:1,s16p,44100,Replay Gain,9504402,2255,0.025056,1/90000,N/A,480,,,,,,,,,,,2001,,,,,,,,,,
1,0,0,0,0,0,0,0,0,0,0,0,范特西,周杰伦,LAME3.98a,R&B,安静.mp3,10,0/0,321300,8,0,stereo,2,center,Motion JPEG,mjpeg,0x0000,[0][0][0][0],0/1,video,550,480,unknown,pc,bt470bg,unknown,48:55,334.288980,30086008,unknown,Jay Chou\范特西\周杰伦 - 安静.mp3,MP2/3 (MPEG audio layer 2/3),mp3,0,550,N/A,1,-99,N/A,N/A,0,N/A,N/A,2,yuvj420p,51,unknown,90000/1,1,1:1,s16p,44100,Replay Gain,13425898,2255,0.025056,1/90000,N/A,480,,,,,,,,,,,2001,,,,,,,,,,
1,0,0,0,0,0,0,0,0,0,0,0,范特西,周杰伦,LAME3.98a,R&B,对不起.mp3,7,0/0,321928,8,0,stereo,2,center,Motion JPEG,mjpeg,0x0000,[0][0][0][0],0/1,video,550,480,unknown,pc,bt470bg,unknown,48:55,225.462857,20291657,unknown,Jay Chou\范特西\周杰伦 - 对不起.mp3,MP2/3 (MPEG audio layer 2/3),mp3,0,550,N/A,1,-99,N/A,N/A,0,N/A,N/A,2,yuvj420p,51,unknown,90000/1,1,1:1,s16p,44100,Replay Gain,9072856,2255,0.025056,1/90000,N/A,480,,,,,,,,,,,2001,,,,,,,,,,
1,0,0,0,0,0,0,0,0,0,0,0,范特西,周杰伦,LAME3.98a,R&B,开不了口.mp3,5,0/0,321525,8,0,stereo,2,center,Motion JPEG,mjpeg,0x0000,[0][0][0][0],0/1,video,550,480,unknown,pc,bt470bg,unknown,48:55,285.022041,25651984,unknown,Jay Chou\范特西\周杰伦 - 开不了口.mp3,MP2/3 (MPEG audio layer 2/3),mp3,0,550,N/A,1,-99,N/A,N/A,0,N/A,N/A,2,yuvj420p,51,unknown,90000/1,1,1:1,s16p,44100,Replay Gain,11455226,2255,0.025056,1/90000,N/A,480,,,,,,,,,,,2001,,,,,,,,,,
1,0,0,0,0,0,0,0,0,0,0,0,范特西,周杰伦,LAME3.98a,R&B,忍者.mp3,4,0/0,322741,8,0,stereo,2,center,Motion JPEG,mjpeg,0x0000,[0][0][0][0],0/1,video,550,480,unknown,pc,bt470bg,unknown,48:55,158.563265,14270694,unknown,Jay Chou\范特西\周杰伦 - 忍者.mp3,MP2/3 (MPEG audio layer 2/3),mp3,0,550,N/A,1,-99,N/A,N/A,0,N/A,N/A,2,yuvj420p,51,unknown,90000/1,1,1:1,s16p,44100,Replay Gain,6396869,2255,0.025056,1/90000,N/A,480,,,,,,,,,,,2001,,,,,,,,,,
1,0,0,0,0,0,0,0,0,0,0,0,范特西,周杰伦,LAME3.98a,R&B,爱在西元前.mp3,1,0/0,321855,8,0,stereo,2,center,Motion JPEG,mjpeg,0x0000,[0][0][0][0],0/1,video,550,480,unknown,pc,bt470bg,unknown,48:55,234.318367,21088653,unknown,Jay Chou\范特西\周杰伦 - 爱在西元前.mp3,MP2/3 (MPEG audio layer 2/3),mp3,0,550,N/A,1,-99,N/A,N/A,0,N/A,N/A,2,yuvj420p,51,unknown,90000/1,1,1:1,s16p,44100,Replay Gain,9427082,2255,0.025056,1/90000,N/A,480,,,,,,,,,,,2001,,,,,,,,,,
1,0,0,0,0,0,0,0,0,0,0,0,范特西,周杰伦,LAME3.98a,R&B,爸 我回來了.mp3,2,0/0,321844,8,0,stereo,2,center,Motion JPEG,mjpeg,0x0000,[0][0][0][0],0/1,video,550,480,unknown,pc,bt470bg,unknown,48:55,235.702857,21213257,unknown,Jay Chou\范特西\周杰伦 - 爸 我回來了.mp3,MP2/3 (MPEG audio layer 2/3),mp3,0,550,N/A,1,-99,N/A,N/A,0,N/A,N/A,2,yuvj420p,51,unknown,90000/1,1,1:1,s16p,44100,Replay Gain,9482463,2255,0.025056,1/90000,N/A,480,,,,,,,,,,,2001,,,,,,,,,,
1,0,0,0,0,0,0,0,0,0,0,0,范特西,周杰伦,LAME3.98a,R&B,简单爱.mp3,3,0/0,321603,8,0,stereo,2,center,Motion JPEG,mjpeg,0x0000,[0][0][0][0],0/1,video,550,480,unknown,pc,bt470bg,unknown,48:55,271.046531,24394188,unknown,Jay Chou\范特西\周杰伦 - 简单爱.mp3,MP2/3 (MPEG audio layer 2/3),mp3,0,550,N/A,1,-99,N/A,N/A,0,N/A,N/A,2,yuvj420p,51,unknown,90000/1,1,1:1,s16p,44100,Replay Gain,10896203,2255,0.025056,1/90000,N/A,480,,,,,,,,,,,2001,,,,,,,,,,
1,0,0,0,0,0,0,0,0,0,0,0,跨时代,周杰伦,,,跨时代.mp3,1,0/0,322120,8,0,stereo,2,center,Motion JPEG,mjpeg,0x0000,[0][0][0][0],0/1,video,500,383,unknown,pc,bt470bg,unknown,383:500,194.510978,17505988,unknown,Jay Chou\跨时代\1501.跨时代.mp3,MP2/3 (MPEG audio layer 2/3),mp3,0,500,N/A,1,-99,N/A,N/A,0,N/A,N/A,2,yuvj420p,51,unknown,90000/1,1,1:1,s16p,44100,,7832006,N/A,0.000000,1/90000,N/A,383,,,,,,,,,2010,,2010,,,,,,,,ÖÜ½ÜÂ×,,
1,0,0,0,0,0,0,0,0,0,0,0,跨时代,周杰伦,,,说了再见.mp3,2,0/0,321458,8,0,stereo,2,center,Motion JPEG,mjpeg,0x0000,[0][0][0][0],0/1,video,500,383,unknown,pc,bt470bg,unknown,383:500,282.778725,25450085,unknown,Jay Chou\跨时代\1502.说了再见.mp3,MP2/3 (MPEG audio layer 2/3),mp3,0,500,N/A,1,-99,N/A,N/A,0,N/A,N/A,2,yuvj420p,51,unknown,90000/1,1,1:1,s16p,44100,,11362718,N/A,0.000000,1/90000,N/A,383,,,,,,,,,2010,,2010,,,,,,,,ÖÜ½ÜÂ×,,
1,0,0,0,0,0,0,0,0,0,0,0,跨时代,周杰伦,,,烟花易冷.mp3,3,0/0,321565,8,0,stereo,2,center,Motion JPEG,mjpeg,0x0000,[0][0][0][0],0/1,video,500,383,unknown,pc,bt470bg,unknown,383:500,263.448100,23710329,unknown,Jay Chou\跨时代\1503.烟花易冷.mp3,MP2/3 (MPEG audio layer 2/3),mp3,0,500,N/A,1,-99,N/A,N/A,0,N/A,N/A,2,yuvj420p,51,unknown,90000/1,1,1:1,s16p,44100,,10589493,N/A,0.000000,1/90000,N/A,383,,,,,,,,,2010,,2010,,,,,,,,ÖÜ½ÜÂ×,,
1,0,0,0,0,0,0,0,0,0,0,0,跨时代,周杰伦,,,免费教学录像带.mp3,4,0/0,321725,8,0,stereo,2,center,Motion JPEG,mjpeg,0x0000,[0][0][0][0],0/1,video,500,383,unknown,pc,bt470bg,unknown,383:500,239.154225,21523880,unknown,Jay Chou\跨时代\1504.免费教学录像带.mp3,MP2/3 (MPEG audio layer 2/3),mp3,0,500,N/A,1,-99,N/A,N/A,0,N/A,N/A,2,yuvj420p,51,unknown,90000/1,1,1:1,s16p,44100,,9617744,N/A,0.000000,1/90000,N/A,383,,,,,,,,,2010,,2010,,,,,,,,ÖÜ½ÜÂ×,,
1,0,0,0,0,0,0,0,0,0,0,0,跨时代,周杰伦,,,好久不见.mp3,5,0/0,321633,8,0,stereo,2,center,Motion JPEG,mjpeg,0x0000,[0][0][0][0],0/1,video,500,383,unknown,pc,bt470bg,unknown,383:500,252.528925,22727603,unknown,Jay Chou\跨时代\1505.好久不见.mp3,MP2/3 (MPEG audio layer 2/3),mp3,0,500,N/A,1,-99,N/A,N/A,0,N/A,N/A,2,yuvj420p,51,unknown,90000/1,1,1:1,s16p,44100,,10152726,N/A,0.000000,1/90000,N/A,383,,,,,,,,,2010,,2010,,,,,,,,ÖÜ½ÜÂ×,,
1,0,0,0,0,0,0,0,0,0,0,0,跨时代,周杰伦,,,雨下一整晚.mp3,6,0/0,321606,8,0,stereo,2,center,Motion JPEG,mjpeg,0x0000,[0][0][0][0],0/1,video,500,383,unknown,pc,bt470bg,unknown,383:500,256.760756,23108468,unknown,Jay Chou\跨时代\1506.雨下一整晚.mp3,MP2/3 (MPEG audio layer 2/3),mp3,0,500,N/A,1,-99,N/A,N/A,0,N/A,N/A,2,yuvj420p,51,unknown,90000/1,1,1:1,s16p,44100,,10322001,N/A,0.000000,1/90000,N/A,383,,,,,,,,,2010,,2010,,,,,,,,ÖÜ½ÜÂ×,,
1,0,0,0,0,0,0,0,0,0,0,0,跨时代,周杰伦,,,我落泪 情绪零碎.mp3,7,0/0,323822,8,0,stereo,2,center,Motion JPEG,mjpeg,0x0000,[0][0][0][0],0/1,video,500,383,unknown,pc,bt470bg,unknown,383:500,258.223625,23240126,unknown,Jay Chou\跨时代\1507.我落泪 情绪零碎.mp3,MP2/3 (MPEG audio layer 2/3),mp3,0,500,N/A,1,-99,N/A,N/A,0,N/A,N/A,2,yuvj444p,51,unknown,90000/1,1,1:1,s16p,44100,,10452336,N/A,0.000000,1/90000,N/A,383,,,,,,,,,,,2010,,,,,,,,ÖÜ½ÜÂ×,,
1,0,0,0,0,0,0,0,0,0,0,0,跨时代,周杰伦;杨瑞代,,,爱的飞行日记.mp3,8,0/0,321619,8,0,stereo,2,center,Motion JPEG,mjpeg,0x0000,[0][0][0][0],0/1,video,500,383,unknown,pc,bt470bg,unknown,383:500,254.853825,22936844,unknown,Jay Chou\跨时代\1508.爱的飞行日记.mp3,MP2/3 (MPEG audio layer 2/3),mp3,0,500,N/A,1,-99,N/A,N/A,0,N/A,N/A,2,yuvj420p,51,unknown,90000/1,1,1:1,s16p,44100,,10245733,N/A,0.000000,1/90000,N/A,383,,,,,,,,,2010,,2010,,,,,,,,ÖÜ½ÜÂ×,,
1,0,0,0,0,0,0,0,0,0,0,0,跨时代,周杰伦,,,自导自演.mp3,9,0/0,321615,8,0,stereo,2,center,Motion JPEG,mjpeg,0x0000,[0][0][0][0],0/1,video,500,383,unknown,pc,bt470bg,unknown,383:500,255.402400,22986216,unknown,Jay Chou\跨时代\1509.自导自演.mp3,MP2/3 (MPEG audio layer 2/3),mp3,0,500,N/A,1,-99,N/A,N/A,0,N/A,N/A,2,yuvj420p,51,unknown,90000/1,1,1:1,s16p,44100,,10267665,N/A,0.000000,1/90000,N/A,383,,,,,,,,,2010,,2010,,,,,,,,ÖÜ½ÜÂ×,,
1,0,0,0,0,0,0,0,0,0,0,0,跨时代,周杰伦,,,超人不会飞.mp3,10,0/0,321371,8,0,stereo,2,center,Motion JPEG,mjpeg,0x0000,[0][0][0][0],0/1,video,500,383,unknown,pc,bt470bg,unknown,383:500,300.855456,27076991,unknown,Jay Chou\跨时代\1510.超人不会飞.mp3,MP2/3 (MPEG audio layer 2/3),mp3,0,500,N/A,1,-99,N/A,N/A,0,N/A,N/A,2,yuvj420p,51,unknown,90000/1,1,1:1,s16p,44100,,12085791,N/A,0.000000,1/90000,N/A,383,,,,,,,,,2010,,2010,,,,,,,,ÖÜ½ÜÂ×,,
1,0,0,0,0,0,0,0,0,0,0,0,跨时代,周杰伦,LAME3.98 ,,嘻哈空姐.mp3,11,0/0,322498,8,0,stereo,2,center,Motion JPEG,mjpeg,0x0000,[0][0][0][0],0/1,video,500,383,unknown,pc,bt470bg,unknown,383:500,168.881633,15199347,unknown,Jay Chou\跨时代\1511.嘻哈空姐.mp3,MP2/3 (MPEG audio layer 2/3),mp3,0,500,N/A,1,-99,N/A,N/A,0,N/A,N/A,2,yuvj420p,51,unknown,90000/1,1,1:1,s16p,44100,,6808008,2255,0.025056,1/90000,N/A,383,,,,,,,,,2010,,2010,,,,,,,,ÖÜ½ÜÂ×,,
0,0,0,0,0,0,0,0,0,0,0,0,霍元甲EP,周杰伦,,Hip-Hop ,霍元甲.mp3,1,0/0,320029,N/A,0,stereo,2,,MP3 (MPEG audio layer 3),mp3,0x0000,[0][0][0][0],1/44100,audio,,,,,,,,278.311750,3927535416,,Jay Chou\霍元甲EP\0901.霍元甲.mp3,MP2/3 (MPEG audio layer 2/3),mp3,,,N/A,0,,N/A,N/A,0,N/A,N/A,1,,51,unknown,0/0,,,s16p,44100,,11133494,0,0.000000,1/14112000,,,,,,,,,,,2006 ,,2006,,,,,,,,,,
1,0,0,0,0,0,0,0,0,0,0,0,魔杰座,周杰伦,LAME3.97a,Pop,龙战骑士.mp3,1,0/0,321742,8,0,stereo,2,center,Motion JPEG,mjpeg,0x0000,[0][0][0][0],0/1,video,491,357,unknown,pc,bt470bg,unknown,357:491,271.151020,24403592,unknown,Jay Chou\魔杰座\1401.龙战骑士.mp3,MP2/3 (MPEG audio layer 2/3),mp3,0,491,N/A,1,-99,N/A,N/A,0,N/A,N/A,2,yuvj444p,51,unknown,90000/1,1,1:1,s16p,44100,Replay Gain,10905107,2255,0.025056,1/90000,N/A,357,,,,,,,,,2008,,2008,,,,,,,,,,
1,0,0,0,0,0,0,0,0,0,0,0,魔杰座,周杰伦,LAME3.97a,Pop,给我一首歌的时间.mp3,2,0/0,321863,8,0,stereo,2,center,Motion JPEG,mjpeg,0x0000,[0][0][0][0],0/1,video,491,357,unknown,pc,bt470bg,unknown,357:491,253.622857,22826057,unknown,Jay Chou\魔杰座\1402.给我一首歌的时间.mp3,MP2/3 (MPEG audio layer 2/3),mp3,0,491,N/A,1,-99,N/A,N/A,0,N/A,N/A,2,yuvj444p,51,unknown,90000/1,1,1:1,s16p,44100,Replay Gain,10203989,2255,0.025056,1/90000,N/A,357,,,,,,,,,2008,,2008,,,,,,,,,,
1,0,0,0,0,0,0,0,0,0,0,0,魔杰座,周杰伦,LAME3.97a,Pop,蛇舞.mp3,4,0/0,322702,8,0,stereo,2,center,Motion JPEG,mjpeg,0x0000,[0][0][0][0],0/1,video,491,357,unknown,pc,bt470bg,unknown,357:491,174.811429,15733029,unknown,Jay Chou\魔杰座\1403.蛇舞.mp3,MP2/3 (MPEG audio layer 2/3),mp3,0,491,N/A,1,-99,N/A,N/A,0,N/A,N/A,2,yuvj444p,51,unknown,90000/1,1,1:1,s16p,44100,Replay Gain,7051520,2255,0.025056,1/90000,N/A,357,,,,,,,,,2008,,2008,,,,,,,,,,
1,0,0,0,0,0,0,0,0,0,0,0,魔杰座,周杰伦,LAME3.97a,Pop,花海.mp3,4,0/0,321785,8,0,stereo,2,center,Motion JPEG,mjpeg,0x0000,[0][0][0][0],0/1,video,491,357,unknown,pc,bt470bg,unknown,357:491,264.646531,23818188,unknown,Jay Chou\魔杰座\1404.花海.mp3,MP2/3 (MPEG audio layer 2/3),mp3,0,491,N/A,1,-99,N/A,N/A,0,N/A,N/A,2,yuvj444p,51,unknown,90000/1,1,1:1,s16p,44100,Replay Gain,10644924,2255,0.025056,1/90000,N/A,357,,,,,,,,,2008,,2008,,,,,,,,,,
1,0,0,0,0,0,0,0,0,0,0,0,魔杰座,周杰伦,LAME3.97a,Pop,魔术先生.mp3,5,0/0,322075,8,0,stereo,2,center,Motion JPEG,mjpeg,0x0000,[0][0][0][0],0/1,video,491,357,unknown,pc,bt470bg,unknown,357:491,227.683265,20491494,unknown,Jay Chou\魔杰座\1405.魔术先生.mp3,MP2/3 (MPEG audio layer 2/3),mp3,0,491,N/A,1,-99,N/A,N/A,0,N/A,N/A,2,yuvj444p,51,unknown,90000/1,1,1:1,s16p,44100,Replay Gain,9166397,2255,0.025056,1/90000,N/A,357,,,,,,,,,2008,,2008,,,,,,,,,,
1,0,0,0,0,0,0,0,0,0,0,0,魔杰座,周杰伦,LAME3.97a,Pop,说好的幸福呢.mp3,6,0/0,321840,8,0,stereo,2,center,Motion JPEG,mjpeg,0x0000,[0][0][0][0],0/1,video,491,357,unknown,pc,bt470bg,unknown,357:491,256.783673,23110531,unknown,Jay Chou\魔杰座\1406.说好的幸福呢.mp3,MP2/3 (MPEG audio layer 2/3),mp3,0,491,N/A,1,-99,N/A,N/A,0,N/A,N/A,2,yuvj444p,51,unknown,90000/1,1,1:1,s16p,44100,Replay Gain,10330418,2255,0.025056,1/90000,N/A,357,,,,,,,,,2008,,2008,,,,,,,,,,
1,0,0,0,0,0,0,0,0,0,0,0,魔杰座,周杰伦,LAME3.97a,Pop,兰亭序.mp3,7,0/0,321860,8,0,stereo,2,center,Motion JPEG,mjpeg,0x0000,[0][0][0][0],0/1,video,491,357,unknown,pc,bt470bg,unknown,357:491,254.014694,22861322,unknown,Jay Chou\魔杰座\1407.兰亭序.mp3,MP2/3 (MPEG audio layer 2/3),mp3,0,491,N/A,1,-99,N/A,N/A,0,N/A,N/A,2,yuvj444p,51,unknown,90000/1,1,1:1,s16p,44100,Replay Gain,10219652,2255,0.025056,1/90000,N/A,357,,,,,,,,,2008,,2008,,,,,,,,,,
1,0,0,0,0,0,0,0,0,0,0,0,魔杰座,周杰伦,LAME3.97a,Pop,流浪诗人.mp3,8,0/0,322792,8,0,stereo,2,center,Motion JPEG,mjpeg,0x0000,[0][0][0][0],0/1,video,491,357,unknown,pc,bt470bg,unknown,357:491,169.195102,15227559,unknown,Jay Chou\魔杰座\1408.流浪诗人.mp3,MP2/3 (MPEG audio layer 2/3),mp3,0,491,N/A,1,-99,N/A,N/A,0,N/A,N/A,2,yuvj444p,51,unknown,90000/1,1,1:1,s16p,44100,Replay Gain,6826871,2255,0.025056,1/90000,N/A,357,,,,,,,,,2008,,2008,,,,,,,,,,
1,0,0,0,0,0,0,0,0,0,0,0,魔杰座,周杰伦,LAME3.97a,Pop,时光机.mp3,9,0/0,321514,8,0,stereo,2,center,Motion JPEG,mjpeg,0x0000,[0][0][0][0],0/1,video,491,357,unknown,pc,bt470bg,unknown,357:491,312.032653,28082939,unknown,Jay Chou\魔杰座\1409.时光机.mp3,MP2/3 (MPEG audio layer 2/3),mp3,0,491,N/A,1,-99,N/A,N/A,0,N/A,N/A,2,yuvj444p,51,unknown,90000/1,1,1:1,s16p,44100,Replay Gain,12540371,2255,0.025056,1/90000,N/A,357,,,,,,,,,2008,,2008,,,,,,,,,,
1,0,0,0,0,0,0,0,0,0,0,0,魔杰座,周杰伦,LAME3.97a,Pop,乔克叔叔.mp3,10,0/0,321841,8,0,stereo,2,center,Motion JPEG,mjpeg,0x0000,[0][0][0][0],0/1,video,491,357,unknown,pc,bt470bg,unknown,357:491,256.653061,23098775,unknown,Jay Chou\魔杰座\1410.乔克叔叔.mp3,MP2/3 (MPEG audio layer 2/3),mp3,0,491,N/A,1,-99,N/A,N/A,0,N/A,N/A,2,yuvj444p,51,unknown,90000/1,1,1:1,s16p,44100,Replay Gain,10325190,2255,0.025056,1/90000,N/A,357,,,,,,,,,2008,,2008,,,,,,,,,,
1,0,0,0,0,0,0,0,0,0,0,0,魔杰座,周杰伦,LAME3.97a,Pop,稻香.mp3,11,0/0,322114,8,0,stereo,2,center,Motion JPEG,mjpeg,0x0000,[0][0][0][0],0/1,video,491,357,unknown,pc,bt470bg,unknown,357:491,223.503673,20115331,unknown,Jay Chou\魔杰座\1411.稻香.mp3,MP2/3 (MPEG audio layer 2/3),mp3,0,491,N/A,1,-99,N/A,N/A,0,N/A,N/A,2,yuvj444p,51,unknown,90000/1,1,1:1,s16p,44100,Replay Gain,8999211,2255,0.025056,1/90000,N/A,357,,,,,,,,,2008,,2008,,,,,,,,,,
0,0,0,0,0,0,0,0,0,0,0,0,黄金甲EP,周杰伦,,,黄金甲 EP.mp3,1,0/0,320038,N/A,0,stereo,2,,MP3 (MPEG audio layer 3),mp3,0x0000,[0][0][0][0],1/44100,audio,,,,,,,,214.808100,3031371907,,Jay Chou\黄金甲EP\1101.黄金甲 EP.mp3,MP2/3 (MPEG audio layer 2/3),mp3,,,N/A,0,,N/A,N/A,0,N/A,N/A,1,,51,unknown,0/0,,,s16p,44100,,8593348,0,0.000000,1/14112000,,,,,,,,,,,,,,,,,,,,,,,
0,0,0,0,0,0,0,0,0,0,0,0,黄金甲EP,周杰伦,,,菊花台 钢琴曲.mp3,2,0/0,320032,N/A,0,stereo,2,,MP3 (MPEG audio layer 3),mp3,0x0000,[0][0][0][0],1/44100,audio,,,,,,,,250.961550,3541569394,,Jay Chou\黄金甲EP\1102.菊花台 钢琴曲.mp3,MP2/3 (MPEG audio layer 2/3),mp3,,,N/A,0,,N/A,N/A,0,N/A,N/A,1,,51,unknown,0/0,,,s16p,44100,,10039486,0,0.000000,1/14112000,,,,,,,,,,,,,,,,,,,,,,,
